Date,Cases,Deaths,Recovered,Travel_history,Province,City
2/26/2020,1,0,0,Chi,Islamabad Capital Territory,Islamabad
2/26/2020,2,0,0,Iran/Taftan,Sindh,Karachi
2/29/2020,1,0,0,Chi,Islamabad Capital Territory,Islamabad
2/29/2020,1,0,0,Iran/Taftan,Sindh,Karachi
03/02/2020,1,0,0,Iran/Taftan,Gilgit-Baltistan,Gilgit
03/06/2020,0,0,1,,Sindh,Karachi
03/07/2020,1,0,0,Iran/Taftan,Sindh,Karachi
03/09/2020,6,0,0,Syria,Sindh,Karachi
03/09/2020,3,0,0,UK,Sindh,Karachi
03/10/2020,1,0,0,Iran/Taftan,Sindh,Karachi
03/10/2020,1,0,0,Syria,Sindh,Hyderabad
03/10/2020,1,0,0,Iran/Taftan,Baluchistan,Quetta
03/11/2020,1,0,0,Iran/Taftan,Gilgit-Baltistan,Skardu
03/11/2020,0,0,1,Iran/Taftan,Sindh,Karachi
03/12/2020,1,0,0,Local - Social Contact,Gilgit-Baltistan,Gilgit
3/13/2020,1,0,0,USA,Islamabad Capital Territory,Islamabad
3/13/2020,1,0,1,Local - Social Contact,Sindh,Karachi
3/13/2020,7,0,0,Iran/Taftan,Baluchistan,Taftan
3/15/2020,13,0,0,Iran/Taftan,Sindh,Sukkur
3/15/2020,4,0,0,Iran/Taftan,Sindh,Karachi
3/15/2020,1,0,0,UK,Punjab,Lahore
3/15/2020,15,0,0,Iran/Taftan,Khyber Pakhtunkhwa,Dera Ismail Khan
3/15/2020,1,1,0,,Khyber Pakhtunkhwa,Mardan
3/16/2020,119,0,0,Iran/Taftan,Sindh,Sukkur
3/16/2020,26,0,0,Iran/Taftan,Sindh,Karachi
3/16/2020,2,0,0,Iran/Taftan,Sindh,Hyderabad
3/16/2020,1,0,0,,Punjab,Lahore
3/16/2020,1,0,1,,Islamabad Capital Territory,Islamabad
3/16/2020,1,0,0,,khyber Pakhtunkhwa,Mansehra
3/16/2020,1,0,0,,Khyber Pakhtunkhwa,Mardan
3/17/2020,15,0,0,Iran/Taftan,Punjab,Dera Ghazi Khan
3/17/2020,24,0,0,Iran/Taftan,Sindh,Sukkur
3/17/2020,5,0,0,KSA,Sindh,Karachi
3/17/2020,3,0,0,,Punjab,Lahore
3/17/2020,1,0,0,,khyber Pakhtunkhwa,Peshawar
3/17/2020,1,0,0,UK,Khyber Pakhtunkhwa,Charsadda
3/17/2020,2,0,0,Iran/Taftan,Baluchistan,Quetta
3/17/2020,1,0,0,,Islamabad Capital Territory,Islamabad
3/18/2020,2,0,0,,Islamabad Capital Territory,Islamabad
3/18/2020,5,0,0,Iran/Taftan,Punjab,Dera Ghazi Khan
3/18/2020,31,0,0,Iran/Taftan,Sindh,Sukkur
3/18/2020,5,0,0,Local - Social Contact,Sindh,Karachi
3/18/2020,10,0,0,,Gilgit-Baltistan,Gilgit
3/18/2020,1,0,0,Local - Social Contact,Khyber Pakhtunkhwa,Buner
3/18/2020,1,1,0,KSA,Khyber Pakhtunkhwa,Mardan 
3/18/2020,1,1,0,,Khyber Pakhtunkhwa,Hangu 
3/18/2020,1,0,0,Iran/Taftan,Azad Jummu Kashmir,Mirpur
3/19/2020,1,0,0,Local - Social Contact,Punjab,Multan
3/19/2020,8,0,0,,Punjab,Lahore
3/19/2020,44,0,0,Iran/Taftan,Punjab,Dera Ghazi Khan
3/19/2020,37,0,1,Local - Social Contact,Sindh,Karachi
3/19/2020,53,0,0,Iran/Taftan,Baluchistan,Quetta
3/19/2020,2,0,0,Local - Social Contact,Khyber Pakhtunkhwa,Mardan
3/19/2020,1,0,0,Local - Covid Relative,Khyber Pakhtunkhwa,Dera Ismail Khan
3/19/2020,4,0,0,,Gilgit-Baltistan,Gilgit
3/19/2020,4,0,0,,Gilgit-Baltistan,gar
3/20/2020,5,0,0,,Baluchistan,Quetta
3/20/2020,4,1,0,Local - Social Contact,Sindh,Karachi
3/20/2020,1,0,0,,Khyber Pakhtunkhwa,Mansehra
3/20/2020,1,0,0,,Federal Administration Tribal Area,Khyber
3/20/2020,1,0,0,Local - Social Contact,Punjab,Rawalpindi
3/20/2020,1,0,0,Local - Social Contact,Punjab,Jehlum
3/20/2020,3,0,0,Local - Social Contact,Punjab,Gujrat 
3/20/2020,2,0,0,,Punjab,Lahore
3/20/2020,7,0,0,Iran/Taftan,Punjab,Dera Ghazi Khan
3/20/2020,1,0,0,Local - Social Contact,Gilgit-Baltistan,gar
3/20/2020,8,0,0,Iran/Taftan,Gilgit-Baltistan,Gilgit
3/20/2020,16,0,0,Local - Social Contact,Sindh,Karachi
3/21/2020,3,0,0,,Islamabad Capital Territory,Islamabad
3/21/2020,12,0,0,Iran/Taftan,Baluchistan,Quetta
3/21/2020,39,0,0,Iran/Taftan,Sindh,Sukkur
3/21/2020,0,0,3,Local - Social Contact,Sindh,Karachi
3/21/2020,25,0,0,Iran/Taftan,Gilgit-Baltistan,Skardu
3/21/2020,6,0,0,,Punjab,Lahore
3/21/2020,38,0,0,Iran/Taftan,Punjab,Dera Ghazi Khan
3/21/2020,1,0,0,Local - Social Contact,Punjab,Jehlum
3/21/2020,4,0,0,Local - Social Contact,Punjab,Gujranwala
3/21/2020,1,0,0,Iran/Taftan,Khyber Pakhtunkhwa,Peshawar
3/21/2020,1,0,0,Local - Social Contact,Khyber Pakhtunkhwa,Peshawar
3/21/2020,2,0,0,Iran/Taftan,Khyber Pakhtunkhwa,Dera Ismail Khan
3/21/2020,1,0,0,Iran/Taftan,Khyber Pakhtunkhwa,Mardan
3/21/2020,1,0,0,Iran/Taftan,Khyber Pakhtunkhwa,Karak
3/22/2020,4,0,0,Local - Social Contact,Gilgit-Baltistan,gar
3/22/2020,18,0,0,Local - Social Contact,Sindh,Karachi
3/22/2020,23,0,0,Iran/Taftan,Sindh,Sukkur
3/22/2020,1,0,0,,Islamabad Capital Territory,Islamabad
3/22/2020,15,0,0,,Punjab,Lahore
3/22/2020,1,0,0,Local - Social Contact,Punjab,Jehlum
3/22/2020,1,0,0,Local - Social Contact,Punjab,Rawalpindi
3/22/2020,43,0,0,Iran/Taftan,Punjab,Dera Ghazi Khan
3/22/2020,4,1,0,,Baluchistan,Quetta
3/23/2020,7,0,0,Local - Social Contact,Sindh,Karachi
3/23/2020,11,0,0,Iran/Taftan,Sindh,Sukkur
3/23/2020,1,0,0,Iran/Taftan,Sindh,Dadu
3/23/2020,5,0,0,Iran/Taftan,Baluchistan,Taftan
3/23/2020,16,1,0,Iran/Taftan,Gilgit-Baltistan,Skardu
3/23/2020,25,0,0,Iran/Taftan,Punjab,Dera Ghazi Khan
3/23/2020,16,0,0,Local - Social Contact,Punjab,Lahore
3/23/2020,1,0,0,,Khyber Pakhtunkhwa,Mansehra
3/24/2020,8,0,6,Local - Social Contact,Sindh,Karachi
3/24/2020,8,0,0,Iran/Taftan,Sindh,Sukkur
3/24/2020,3,0,10,Local - Social Contact,Sindh,Karachi
3/24/2020,5,0,0,Local - Social Contact,Gilgit-Baltistan,Gilgit
3/24/2020,37,0,0,Iran/Taftan,Khyber Pakhtunkhwa,Dera Ismail Khan
3/24/2020,1,0,0,Iran/Taftan,Federal Administration Tribal Area,South Waziristan
3/24/2020,2,0,0,,Khyber Pakhtunkhwa,Peshawar
3/24/2020,2,0,0,,Baluchistan,Quetta
3/24/2020,7,0,0,Local - Social Contact,Punjab,Lahore
3/24/2020,1,0,0,Local - Social Contact,Punjab,Multan
3/24/2020,9,0,0,Local - Social Contact,Punjab,Gujrat 
3/24/2020,3,0,0,Local - Social Contact,Punjab,Gujranwala
3/24/2020,1,0,0,Local - Social Contact,Punjab,Sargodha
3/24/2020,1,0,0,Local - Social Contact,Punjab,Faisalabad
3/24/2020,1,0,0,Local - Social Contact,Punjab,Mandi Bahauddin
3/24/2020,1,0,0,Local - Social Contact,Punjab,Rahim yar khan
3/24/2020,3,0,0,Local - Social Contact,Sindh,Karachi
3/24/2020,21,1,2,Iran/Taftan,Punjab,Dera Ghazi Khan
3/25/2020,5,0,0,Intertiol Passenger,Islamabad Capital Territory,Islamabad
3/25/2020,3,0,0,Local - Social Contact,Sindh,Karachi
3/25/2020,0,0,1,Local - Social Contact,Sindh,Hyderabad
3/25/2020,9,0,0,Local - Social Contact,Baluchistan,Quetta
3/25/2020,1,0,0,,Gilgit-Baltistan,Astore
3/25/2020,39,0,2,,Khyber Pakhtunkhwa,Mardan
3/25/2020,1,0,0,Iran/Taftan,Khyber Pakhtunkhwa,Dera Ismail Khan
3/25/2020,1,0,0,,Khyber Pakhtunkhwa,Swabi
3/25/2020,9,0,0,Local - Social Contact,Punjab,Gujrat
3/25/2020,1,0,0,Local - Social Contact,Punjab,Gujranwala
3/25/2020,2,1,0,Iran/Taftan,Punjab,Dera Ghazi Khan
3/25/2020,18,0,1,,Punjab,Lahore
3/25/2020,1,0,0,Local - Social Contact,Punjab,Multan
3/25/2020,12,0,0,Iran/Taftan,Baluchistan,Quetta
3/25/2020,7,0,0,,Gilgit-Baltistan,Kharmang
3/25/2020,1,0,0,Dubai,Gilgit-Baltistan,Kharmang
3/26/2020,2,0,0,,Khyber Pakhtunkhwa,Dir Upper
3/26/2020,1,0,0,,Khyber Pakhtunkhwa,Swat
3/26/2020,1,0,0,,Azad Jummu Kashmir,Mirpur
3/26/2020,5,0,0,,Islamabad Capital Territory,Islamabad
3/26/2020,9,0,0,Local - Social Contact,Sindh,Karachi
3/26/2020,6,0,2,Local - Social Contact,Khyber Pakhtunkhwa,Mardan
3/26/2020,12,0,0,Iran/Taftan,Baluchistan,Quetta
3/26/2020,7,0,2,,Gilgit-Baltistan,Skardu
3/26/2020,26,0,1,,Punjab,Lahore
3/26/2020,16,0,0,Iran/Taftan,Punjab,Multan
3/26/2020,1,0,0,Local - Social Contact,Punjab,Gujrat
3/26/2020,16,0,0,Local - Social Contact,Punjab,Jehlum
3/26/2020,12,0,0,Local - Social Contact,Punjab,Rawalpindi
3/26/2020,2,0,0,Local - Social Contact,Punjab,Faisalabad
3/26/2020,2,0,0,Local - Social Contact,Punjab,Mandi Bahauddin
3/26/2020,2,0,0,Local - Social Contact,Punjab,Mianwali
3/26/2020,1,0,0,Local - Social Contact,Punjab,rowal
3/26/2020,1,0,0,Local - Social Contact,Punjab,nka
3/26/2020,1,0,0,Local - Social Contact,Punjab,Attock
3/26/2020,1,0,0,Local - Social Contact,Punjab,Bahawal gar
3/26/2020,7,1,0,Iran/Taftan,Punjab,Dera Ghazi Khan
3/27/2020,2,0,0,Local - Social Contact,Islamabad Capital Territory,Islamabad
3/27/2020,11,0,1,,Gilgit-Baltistan,Shigar
3/27/2020,5,0,0,,Gilgit-Baltistan,Gilgit
3/27/2020,7,0,0,Iran/Taftan,Sindh,Larka
3/27/2020,4,0,1,Local - Social Contact,Sindh,Karachi
3/27/2020,7,0,0,,Khyber Pakhtunkhwa,Peshawar
3/27/2020,2,0,0,,Khyber Pakhtunkhwa,Swat
3/27/2020,3,0,0,,Khyber Pakhtunkhwa,Swabi
3/27/2020,1,0,0,,Khyber Pakhtunkhwa,Shangla
3/27/2020,3,0,0,,Khyber Pakhtunkhwa,Nowshera
3/27/2020,1,0,0,Iran/Taftan,Khyber Pakhtunkhwa,Orakzai
3/27/2020,34,0,0,,Khyber Pakhtunkhwa,Mardan
3/27/2020,3,0,0,,Khyber Pakhtunkhwa,Malakand
3/27/2020,2,0,0,,Khyber Pakhtunkhwa,Mansehra
3/27/2020,3,0,0,,Khyber Pakhtunkhwa,Kohat
3/27/2020,2,0,0,Local - Social Contact,Punjab,Lahore
3/27/2020,2,0,0,Local - Social Contact,Punjab,Faisalabad
3/27/2020,30,2,1,Iran/Taftan,Punjab,Multan
3/27/2020,0,0,2,,Baluchistan,Quetta
3/28/2020,1,0,0,Local - Social Contact,Punjab,Khushab
3/28/2020,1,1,0,,Khyber Pakhtunkhwa,Dera Ismail Khan
3/28/2020,1,0,0,,Khyber Pakhtunkhwa,Charsadda
3/28/2020,4,0,0,,Khyber Pakhtunkhwa,Buner
3/28/2020,1,0,0,Local - Social Contact,Punjab,nka
3/28/2020,1,0,0,Local - Social Contact,Punjab,Mandi Bahauddin
3/28/2020,2,0,0,Local - Social Contact,Punjab,Sargodha
3/28/2020,1,0,0,Local - Social Contact,Punjab,Vehari
3/28/2020,26,0,0,Iran/Taftan,Punjab,Multan
3/28/2020,14,0,0,Local - Social Contact,Punjab,Lahore
3/28/2020,4,0,0,Local - Social Contact,Punjab,Faisalabad
3/28/2020,10,0,0,Local - Social Contact,Punjab,Gujranwala
3/28/2020,5,0,0,Local - Social Contact,Punjab,Rawalpindi
3/28/2020,2,0,0,Local - Social Contact,Punjab,Jehlum
3/28/2020,29,0,0,Local - Social Contact,Punjab,Gujrat
3/28/2020,5,0,0,Local - Social Contact,Punjab,Dera Ghazi Khan
3/28/2020,21,0,0,Iran/Taftan,Punjab,Raiwind
3/28/2020,12,0,0,Intertiol Passenger,Islamabad Capital Territory,Islamabad
3/28/2020,25,1,0,Local - Social Contact,Sindh,Karachi
3/28/2020,4,0,0,Local - Social Contact,Sindh,Hyderabad
3/28/2020,5,0,0,Local - Social Contact,Baluchistan,Quetta
3/28/2020,8,0,1,Local - Social Contact,Gilgit-Baltistan,gar
3/28/2020,1,0,0,,Khyber Pakhtunkhwa,Dir Lower
3/28/2020,1,0,0,,Khyber Pakhtunkhwa,Abbottabad
3/29/2020,4,0,1,Local - Social Contact,Islamabad Capital Territory,Islamabad
3/29/2020,0,0,3,Local - Social Contact,Punjab,Lahore
3/29/2020,1,0,0,Local - Social Contact,Punjab,Vehari
3/29/2020,1,0,0,Local - Social Contact,Punjab,Bahawalpur
3/29/2020,3,0,0,Local - Social Contact,Punjab,Gujrat
3/29/2020,7,0,0,Local - Social Contact,Punjab,Jehlum
3/29/2020,1,0,0,Local - Social Contact,Punjab,Gujranwala
3/29/2020,11,0,0,Local - Social Contact,Punjab,Rawalpindi
3/29/2020,5,0,0,Iran/Taftan,Punjab,Raiwind
3/29/2020,1,1,0,Local - Social Contact,Punjab,Rahim Yar Khan
3/29/2020,4,0,0,,Azad Jummu Kashmir,Muzaffarabad
3/29/2020,33,2,3,Local - Social Contact,Sindh,Karachi
3/29/2020,0,1,0,Local - Social Contact,Gilgit-Baltistan,gar
3/29/2020,5,0,0,,Gilgit-Baltistan,Shigar
3/29/2020,2,0,0,Iran/Taftan,Gilgit-Baltistan,Kharmang
3/29/2020,3,0,0,Local - Social Contact,Gilgit-Baltistan,Astore
3/29/2020,2,0,0,,Gilgit-Baltistan,Ghanche
3/29/2020,1,1,0,,Khyber Pakhtunkhwa,Abbottabad
3/29/2020,2,0,0,Local - Social Contact,Khyber Pakhtunkhwa,Peshawar
3/29/2020,1,1,0,,Khyber Pakhtunkhwa,Dir Lower
3/30/2020,8,0,1,Local - Social Contact,Islamabad Capital Territory,Islamabad
3/30/2020,11,0,1,Local - Social Contact,Punjab,nka
3/30/2020,14,0,0,,Punjab,Lahore
3/30/2020,8,0,0,Local - Social Contact,Punjab,Gujrat
3/30/2020,26,0,1,Iran/Taftan,Punjab,Raiwind
3/30/2020,21,4,2,Local - Social Contact,Sindh,Karachi
3/30/2020,6,0,23,Local - Social Contact,Sindh,Sukkur
3/30/2020,6,0,0,Local - Social Contact,Baluchistan,Quetta
3/30/2020,18,0,4,,Gilgit-Baltistan,gar
3/30/2020,1,0,0,Local - Social Contact,Federal Administration Tribal Area,Bajaur
3/30/2020,3,0,0,Iran/Taftan,Khyber Pakhtunkhwa,Peshawar
3/30/2020,1,0,0,,Khyber Pakhtunkhwa,Bannu
3/30/2020,1,0,0,Local - Social Contact,Khyber Pakhtunkhwa,Dera Ismail Khan
3/30/2020,3,0,0,Local - Social Contact,Khyber Pakhtunkhwa,Dir Lower
3/30/2020,1,0,0,Local - Social Contact,Khyber Pakhtunkhwa,Mansehra
3/30/2020,1,0,0,Local - Social Contact,Khyber Pakhtunkhwa,Mardan
3/30/2020,16,0,0,Local - Social Contact,Khyber Pakhtunkhwa,Peshawar
3/31/2020,7,0,0,,Islamabad Capital Territory,Islamabad
3/31/2020,0,3,0,Iran/Taftan,Punjab,Dera Ghazi Khan
3/31/2020,14,0,0,Local - Social Contact,Punjab,Rawalpindi
3/31/2020,1,0,0,Local - Social Contact,Punjab,Mianwali
3/31/2020,1,0,0,Local - Social Contact,Punjab,Rahim Yar Khan
3/31/2020,5,0,0,Local - Social Contact,Punjab,Hafizabad
3/31/2020,1,0,0,Local - Social Contact,Punjab,Kasur
3/31/2020,1,0,0,Local - Social Contact,Punjab,Laiya
3/31/2020,16,0,0,Local - Social Contact,Sindh,Hyderabad
3/31/2020,0,0,10,Iran/Taftan,Sindh,Sukkur
3/31/2020,94,0,0,Tableeghi Jamaat,Sindh,Hyderabad
3/31/2020,1,0,0,Local - Social Contact,Sindh,Jacobabad
3/31/2020,14,0,17,Iran/Taftan,Baluchistan,Quetta
3/31/2020,37,0,0,,Gilgit-Baltistan,gar
3/31/2020,0,0,0,,Khyber Pakhtunkhwa,Peshawar
3/31/2020,1,0,0,Local - Social Contact,Federal Administration Tribal Area,Bajaur
3/31/2020,3,0,0,,Khyber Pakhtunkhwa,Dera Ismail Khan
3/31/2020,1,0,0,Local - Social Contact,Khyber Pakhtunkhwa,Haripur
3/31/2020,10,0,0,Local - Social Contact,Khyber Pakhtunkhwa,Kohat
3/31/2020,1,0,5,Local - Social Contact,Khyber Pakhtunkhwa,Mardan
3/31/2020,1,0,0,Iran/Taftan,Federal Administration Tribal Area,Kurrum
3/31/2020,4,1,10,Iran/Taftan,Khyber Pakhtunkhwa,Dera Ismail Khan
3/31/2020,10,0,0,,Khyber Pakhtunkhwa,Peshawar
04/01/2020,13,0,0,Intertiol Passenger,Islamabad Capital Territory,Islamabad
04/01/2020,2,0,0,,Azad Jummu Kashmir,Bhambore 
04/01/2020,1,0,0,,Azad Jummu Kashmir,Trarkhel
04/01/2020,1,1,0,Local - Social Contact,Khyber Pakhtunkhwa,Bannu
04/01/2020,1,1,0,Local - Social Contact,Khyber Pakhtunkhwa,Peshawar
04/01/2020,0,0,2,Local - Social Contact,Khyber Pakhtunkhwa,Nowshera
04/01/2020,3,0,0,Local - Social Contact,Khyber Pakhtunkhwa,Abbottabad
04/01/2020,1,0,0,Local - Social Contact,Khyber Pakhtunkhwa,Dir Upper
04/01/2020,2,0,0,Local - Social Contact,Khyber Pakhtunkhwa,Haripur
04/01/2020,1,0,0,Local - Social Contact,Federal Administration Tribal Area,Khyber
04/01/2020,1,0,0,Local - Social Contact,Khyber Pakhtunkhwa,Kohat
04/01/2020,2,0,0,Local - Social Contact,Federal Administration Tribal Area,Kurrum
04/01/2020,2,0,0,Local - Social Contact,Khyber Pakhtunkhwa,Mansehra
04/01/2020,7,0,10,Local - Social Contact,Khyber Pakhtunkhwa,Mardan
04/01/2020,1,0,0,Local - Social Contact,Khyber Pakhtunkhwa,Orakzai
04/01/2020,1,0,0,Local - Social Contact,Khyber Pakhtunkhwa,Tank
04/01/2020,1,0,0,Local - Social Contact,Federal Administration Tribal Area,South Waziristan
04/01/2020,33,1,3,Local - Social Contact,Sindh,Karachi
04/01/2020,2,0,0,Local - Social Contact,Punjab,Lodhran
04/01/2020,48,0,0,Local - Social Contact,Punjab,Lahore
04/01/2020,7,1,0,Local - Social Contact,Punjab,Rawalpindi
04/01/2020,6,0,0,Local - Social Contact,Baluchistan,Quetta
04/01/2020,28,0,0,Local - Social Contact,Punjab,Gujrat
04/01/2020,2,0,0,Local - Social Contact,Punjab,Gujranwala
04/01/2020,1,0,0,Local - Social Contact,Punjab,rowal
04/01/2020,8,0,0,Local - Social Contact,Punjab,Sargodha
04/01/2020,1,0,0,Local - Social Contact,Punjab,Sialkot
04/01/2020,2,0,0,Local - Social Contact,Punjab,Bahawal gar
04/01/2020,16,0,0,Iran/Taftan,Punjab,Multan
04/01/2020,63,0,0,Iran/Taftan,Punjab,Raiwind
04/02/2020,27,0,0,Tableeghi Jamaat,Punjab,Raiwind
04/01/2020,3,0,0,Iran/Taftan,Punjab,Faisalabad
04/02/2020,3,1,0,,Gilgit-Baltistan,Astore
04/02/2020,32,1,9,Local - Social Contact,Sindh,Karachi
04/02/2020,0,1,0,Tableeghi Jamaat,Sindh,Hyderabad
04/02/2020,0,0,2,Iran/Taftan,Sindh,Sukkur
04/02/2020,21,1,0,,Punjab,Lahore
04/02/2020,4,0,0,,Islamabad Capital Territory,Islamabad
04/02/2020,5,0,0,Local - Social Contact,Baluchistan,Quetta
04/02/2020,1,1,0,Local - Social Contact,Khyber Pakhtunkhwa,Buner
04/02/2020,1,0,0,Local - Social Contact,Khyber Pakhtunkhwa,Abbottabad
04/02/2020,5,0,0,Local - Social Contact,Khyber Pakhtunkhwa,Dir Lower
04/02/2020,2,0,0,Local - Social Contact,Khyber Pakhtunkhwa,Dir Upper
04/02/2020,1,0,0,Local - Social Contact,Khyber Pakhtunkhwa,Hangu
04/02/2020,1,0,0,Local - Social Contact,Khyber Pakhtunkhwa,Karak
04/02/2020,6,0,0,Local - Social Contact,Khyber Pakhtunkhwa,Kohat
04/02/2020,1,0,0,Local - Social Contact,Khyber Pakhtunkhwa,Mansehra
04/02/2020,1,0,0,Local - Social Contact,Khyber Pakhtunkhwa,Nowshera
04/02/2020,17,0,0,Local - Social Contact,Khyber Pakhtunkhwa,Peshawar
04/02/2020,1,0,3,Local - Social Contact,Khyber Pakhtunkhwa,Swabi
04/02/2020,1,0,0,Local - Social Contact,Punjab,Gujranwala
04/02/2020,2,0,0,Local - Social Contact,Punjab,Rawalpindi
04/02/2020,10,0,0,Local - Social Contact,Punjab,Mandi Bahauddin
04/02/2020,6,0,0,Local - Social Contact,Punjab,Vehari
04/02/2020,6,0,0,Iran/Taftan,Punjab,Dera Ghazi Khan
04/02/2020,27,0,0,Iran/Taftan,Punjab,Raiwind
04/02/2020,2,0,0,Iran/Taftan,Punjab,Faisalabad
04/03/2020,1,0,1,,Gilgit-Baltistan,Shigar
04/03/2020,1,0,0,,Gilgit-Baltistan,gar
04/03/2020,1,0,0,,Gilgit-Baltistan,Astore
04/03/2020,6,0,0,,Islamabad Capital Territory,Islamabad
04/03/2020,40,3,0,Local - Social Contact,Sindh,Karachi
04/03/2020,4,0,0,Local - Social Contact,Khyber Pakhtunkhwa,Peshawar
04/03/2020,6,0,0,,Baluchistan,Quetta
04/03/2020,6,0,0,Local - Social Contact,Khyber Pakhtunkhwa,Abbottabad
04/03/2020,1,0,0,Local - Social Contact,Khyber Pakhtunkhwa,Buner
04/03/2020,1,0,0,Local - Social Contact,Khyber Pakhtunkhwa,Dir Upper
04/03/2020,8,0,0,Local - Social Contact,Khyber Pakhtunkhwa,Hangu
04/03/2020,2,1,0,Local - Social Contact,Khyber Pakhtunkhwa,Mansehra
04/03/2020,10,1,0,Local - Social Contact,Khyber Pakhtunkhwa,Swat
04/03/2020,11,0,0,Local - Social Contact,Punjab,Lahore
04/03/2020,5,0,0,Local - Social Contact,Punjab,Gujrat
04/03/2020,1,0,0,Local - Social Contact,Punjab,Jehlum
04/03/2020,1,0,0,Local - Social Contact,Punjab,Gujranwala
04/03/2020,2,0,0,Local - Social Contact,Punjab,Rawalpindi
04/03/2020,1,0,0,Local - Social Contact,Punjab,Chiniot
04/03/2020,2,0,0,Local - Social Contact,Punjab,Rahim Yar Khan
04/03/2020,1,0,0,Local - Social Contact,Punjab,Sialkot
04/03/2020,11,0,0,Local - Social Contact,Punjab,Vehari
04/03/2020,1,0,0,Local - Social Contact,Punjab,Bahawalpur
04/03/2020,1,0,0,Local - Social Contact,Punjab,Sheikhupura
04/03/2020,12,0,0,Tableeghi Jamaat,Punjab,Dera Ghazi Khan
04/03/2020,3,0,0,Tableeghi Jamaat,Punjab,Multan
04/03/2020,100,0,0,Tableeghi Jamaat,Punjab,Raiwind
04/04/2020,7,0,0,Local - Social Contact,Islamabad Capital Territory,Islamabad
04/04/2020,6,3,0,Local - Social Contact,Khyber Pakhtunkhwa,Peshawar
04/04/2020,30,1,0,Local - Social Contact,Punjab,Lahore
04/04/2020,4,0,0,Local - Social Contact,Khyber Pakhtunkhwa,Bannu
04/04/2020,4,0,0,Local - Social Contact,Khyber Pakhtunkhwa,Buner
04/04/2020,1,0,0,Local - Social Contact,Khyber Pakhtunkhwa,Dera Ismail Khan
04/04/2020,2,0,0,Local - Social Contact,Khyber Pakhtunkhwa,Dir Upper
04/04/2020,3,0,0,Local - Social Contact,Federal Administration Tribal Area,Khyber
04/04/2020,4,0,0,Local - Social Contact,Khyber Pakhtunkhwa,Lakki Marwat
04/04/2020,2,0,0,Local - Social Contact,Khyber Pakhtunkhwa,Nowshera
04/04/2020,2,0,1,Local - Social Contact,Khyber Pakhtunkhwa,Shangla
04/04/2020,1,0,0,Local - Social Contact,Khyber Pakhtunkhwa,Torghar
04/04/2020,0,0,12,Local - Social Contact,Sindh,Karachi
04/04/2020,10,0,0,,Baluchistan,Quetta
04/04/2020,0,0,3,Iran/Taftan,Khyber Pakhtunkhwa,Dera Ismail Khan
04/04/2020,3,0,0,,Azad Jummu Kashmir,Muzaffarabad
04/04/2020,0,0,5,,Gilgit-Baltistan,Skardu
04/04/2020,0,0,9,,Gilgit-Baltistan,gar
04/04/2020,0,0,3,,Gilgit-Baltistan,Ghanche
04/05/2020,3,0,0,Local - Social Contact,Islamabad Capital Territory,Islamabad
04/05/2020,4,2,0,Local - Social Contact,Khyber Pakhtunkhwa,Swat
04/05/2020,7,0,0,Local - Social Contact,Khyber Pakhtunkhwa,Peshawar
04/05/2020,6,0,0,Local - Social Contact,Khyber Pakhtunkhwa,Nowshera
04/05/2020,0,0,1,Local - Social Contact,Khyber Pakhtunkhwa,Orakzai
04/05/2020,5,0,0,Local - Social Contact,Khyber Pakhtunkhwa,Abbottabad
04/05/2020,0,0,1,Local - Social Contact,Khyber Pakhtunkhwa,Charsadda
04/05/2020,0,0,1,Local - Social Contact,Khyber Pakhtunkhwa,Dir Lower
04/05/2020,0,0,2,Local - Social Contact,Khyber Pakhtunkhwa,Dir Upper
04/05/2020,4,0,4,Local - Social Contact,Khyber Pakhtunkhwa,Buner
04/05/2020,3,0,9,Local - Social Contact,Khyber Pakhtunkhwa,Mardan
04/05/2020,0,0,1,Local - Social Contact,Khyber Pakhtunkhwa,Malakand
04/05/2020,0,0,1,Local - Social Contact,Khyber Pakhtunkhwa,Mansehra
04/05/2020,1,0,0,Local - Social Contact,Federal Administration Tribal Area,Bajaur
04/05/2020,1,0,0,Local - Social Contact,Khyber Pakhtunkhwa,Bannu
04/05/2020,1,0,0,Local - Social Contact,Khyber Pakhtunkhwa,Haripur
04/05/2020,1,0,0,Local - Social Contact,Khyber Pakhtunkhwa,Karak
04/05/2020,0,0,1,Local - Social Contact,Federal Administration Tribal Area,Kurrum
04/05/2020,0,0,1,Local - Social Contact,Federal Administration Tribal Area,South Waziristan
04/05/2020,41,1,0,Local - Social Contact,Sindh,Karachi
04/05/2020,2,0,0,Local - Social Contact,Azad Jummu Kashmir,Mirpur
04/05/2020,6,0,13,,Baluchistan,Quetta
04/05/2020,17,0,7,Tableeghi Jamaat,Gilgit-Baltistan,Gilgit
04/05/2020,31,0,0,Local - Social Contact,Punjab,Lahore
04/05/2020,0,0,0,Local - Social Contact,Punjab,Faisalabad
04/05/2020,47,0,0,Iran/Taftan,Punjab,Raiwind
04/05/2020,0,0,2,Iran/Taftan,Gilgit-Baltistan,Kharmang
04/05/2020,0,0,1,Dubai,Gilgit-Baltistan,Kharmang
04/06/2020,51,2,0,Local - Social Contact,Sindh,Karachi
04/06/2020,0,0,130,Iran/Taftan,Sindh,Sukkur
04/06/2020,3,0,31,Local - Social Contact,Baluchistan,Quetta
04/06/2020,20,3,0,Local - Social Contact,Punjab,Lahore
04/06/2020,77,0,0,Jail,Punjab,Lahore
04/06/2020,1,0,0,Local - Social Contact,Gilgit-Baltistan,Gilgit
04/06/2020,0,0,11,Local - Social Contact,Gilgit-Baltistan,Shigar
04/06/2020,1,0,0,Local - Social Contact,Azad Jummu Kashmir,Muzaffarabad
04/06/2020,1,0,0,Local - Social Contact,Khyber Pakhtunkhwa,Abbottabad
04/06/2020,2,0,0,Local - Social Contact,Khyber Pakhtunkhwa,Bannu
04/06/2020,1,0,0,Local - Social Contact,Khyber Pakhtunkhwa,Buner
04/06/2020,4,0,0,Local - Social Contact,Khyber Pakhtunkhwa,Charsadda
04/06/2020,3,0,0,Iran/Taftan,Khyber Pakhtunkhwa,Dera Ismail Khan
04/06/2020,1,0,0,Local - Social Contact,Khyber Pakhtunkhwa,Dera Ismail Khan
04/06/2020,6,0,1,Local - Social Contact,Khyber Pakhtunkhwa,Dir Lower
04/06/2020,14,0,0,Local - Social Contact,Khyber Pakhtunkhwa,Dir Upper
04/06/2020,1,0,0,Local - Social Contact,Khyber Pakhtunkhwa,Karak
04/06/2020,1,0,0,Local - Social Contact,Federal Administration Tribal Area,Khyber
04/06/2020,15,0,1,Local - Social Contact,Khyber Pakhtunkhwa,Kohat
04/06/2020,1,0,0,Local - Social Contact,Khyber Pakhtunkhwa,Mansehra
04/06/2020,9,0,0,Local - Social Contact,Khyber Pakhtunkhwa,Mardan
04/06/2020,1,0,0,Local - Social Contact,Khyber Pakhtunkhwa,Mohmand
04/06/2020,24,0,0,Local - Social Contact,Khyber Pakhtunkhwa,Peshawar
04/06/2020,2,0,1,Local - Social Contact,Khyber Pakhtunkhwa,Swabi
04/06/2020,7,0,0,Local - Social Contact,Khyber Pakhtunkhwa,Swat
04/06/2020,3,0,0,Local - Social Contact,Federal Administration Tribal Area,North Waziristan
04/07/2020,1,1,0,Local - Social Contact,Islamabad Capital Territory,Islamabad
04/07/2020,0,0,0,Tableeghi Jamaat,Punjab,Raiwind
04/07/2020,54,1,16,Local - Social Contact,Sindh,Karachi
04/07/2020,11,0,27,Local - Social Contact,Sindh,Karachi
04/07/2020,12,0,3,Local - Social Contact,Baluchistan,Quetta
04/07/2020,0,0,28,Local - Social Contact,Gilgit-Baltistan,Skardu
04/07/2020,1,0,2,Local - Social Contact,Gilgit-Baltistan,Kharmang
04/07/2020,0,0,1,Iran/Taftan,Khyber Pakhtunkhwa,Peshawar
04/07/2020,7,1,4,Local - Social Contact,Khyber Pakhtunkhwa,Peshawar
04/07/2020,2,0,0,Local - Social Contact,Khyber Pakhtunkhwa,Abbottabad
04/07/2020,1,0,0,Local - Social Contact,Federal Administration Tribal Area,Bajaur
04/07/2020,1,0,0,Local - Social Contact,Khyber Pakhtunkhwa,Bannu
04/07/2020,2,0,0,Local - Social Contact,Khyber Pakhtunkhwa,Charsadda
04/07/2020,3,0,0,Local - Social Contact,Khyber Pakhtunkhwa,Dir Upper
04/07/2020,2,0,0,Local - Social Contact,Khyber Pakhtunkhwa,Karak
04/07/2020,1,0,0,Local - Social Contact,Federal Administration Tribal Area,Khyber
04/07/2020,0,0,1,Local - Social Contact,Federal Administration Tribal Area,Kurrum
04/07/2020,3,0,0,Local - Social Contact,Khyber Pakhtunkhwa,Orakzai
04/07/2020,2,0,0,Local - Social Contact,Khyber Pakhtunkhwa,Shangla
04/07/2020,1,0,0,Local - Social Contact,Khyber Pakhtunkhwa,Swat
04/07/2020,3,0,0,Local - Social Contact,Azad Jummu Kashmir,Muzaffarabad
04/08/2020,49,2,0,Local - Social Contact,Punjab,Lahore
04/08/2020,2,0,0,Local - Social Contact,Punjab,Multan
04/08/2020,3,0,0,Local - Social Contact,Punjab,Gujrat
04/08/2020,1,0,0,Local - Social Contact,Punjab,Jehlum
04/08/2020,15,0,0,Local - Social Contact,Punjab,Gujranwala
04/08/2020,8,0,0,Local - Social Contact,Punjab,Rawalpindi
04/08/2020,12,0,0,Local - Social Contact,Punjab,Faisalabad
04/08/2020,7,0,0,Local - Social Contact,Punjab,Chiniot
04/08/2020,1,0,0,Local - Social Contact,Punjab,Mandi Bahauddin
04/08/2020,7,0,0,Local - Social Contact,Punjab,Mianwali
04/08/2020,4,0,0,Local - Social Contact,Punjab,rowal
04/08/2020,0,0,2,Local - Social Contact,Punjab,Rahim Yar Khan
04/08/2020,0,0,4,Local - Social Contact,Punjab,Sargodha
04/08/2020,17,0,0,Local - Social Contact,Punjab,Sialkot
04/08/2020,6,0,0,Local - Social Contact,Punjab,Bahawal gar
04/08/2020,13,0,0,Local - Social Contact,Punjab,Dera Ghazi Khan
04/08/2020,1,0,0,Local - Social Contact,Punjab,Hafizabad
04/08/2020,0,0,6,Local - Social Contact,Punjab,Vehari
04/08/2020,1,0,0,Local - Social Contact,Punjab,Okara
04/08/2020,1,0,0,Local - Social Contact,Punjab,Bahawalpur
04/08/2020,8,0,0,Local - Social Contact,Punjab,Kasur
04/08/2020,1,0,0,Local - Social Contact,Punjab,Lodhran
04/08/2020,2,0,0,Local - Social Contact,Punjab,Toba Tek Singh
04/08/2020,50,1,1,Local - Social Contact,Sindh,Karachi
04/08/2020,6,0,0,Local - Social Contact,Sindh,Larka
04/08/2020,2,0,0,Local - Social Contact,Sindh,Jamshoro
04/08/2020,1,0,0,Local - Social Contact,Sindh,Badin
04/08/2020,7,0,0,Local - Social Contact,Sindh,Shaheed Bezirabad
04/08/2020,4,0,0,Local - Social Contact,Sindh,ushero Feroz
04/08/2020,1,0,0,Local - Social Contact,Sindh,Shujawal
04/08/2020,1,0,0,Local - Social Contact,Sindh,Sanghar
04/08/2020,12,0,0,Local - Social Contact,Sindh,Tando M. Khan
04/08/2020,2,0,0,Local - Social Contact,Sindh,Ghotki
04/08/2020,42,1,0,Tableeghi Jamaat,Sindh,Hyderabad
04/08/2020,0,0,18,Iran/Taftan,Sindh,Sukkur
04/08/2020,8,1,10,Local - Social Contact,Baluchistan,Quetta
04/08/2020,1,0,20,Local - Social Contact,Gilgit-Baltistan,gar
04/08/2020,0,0,0,Local - Social Contact,Khyber Pakhtunkhwa,Peshawar
04/08/2020,0,1,0,Local - Social Contact,Khyber Pakhtunkhwa,Shangla
04/08/2020,2,1,0,Local - Social Contact,Khyber Pakhtunkhwa,Kohat
04/08/2020,12,0,1,Local - Social Contact,Khyber Pakhtunkhwa,Buner
04/08/2020,3,0,1,Local - Social Contact,Khyber Pakhtunkhwa,Charsadda
04/08/2020,2,0,0,Local - Social Contact,Khyber Pakhtunkhwa,Dir Upper
04/08/2020,2,0,0,Local - Social Contact,Federal Administration Tribal Area,Khyber
04/08/2020,4,0,0,Local - Social Contact,Federal Administration Tribal Area,Kurrum
04/08/2020,5,0,0,Local - Social Contact,Khyber Pakhtunkhwa,Nowshera
04/08/2020,1,0,0,Local - Social Contact,Khyber Pakhtunkhwa,Torghar
04/08/2020,0,0,48,Iran/Taftan,Khyber Pakhtunkhwa,Dera Ismail Khan
04/08/2020,0,0,1,Local - Social Contact,Khyber Pakhtunkhwa,Mansehra
04/08/2020,10,0,0,Local - Social Contact,Azad Jummu Kashmir,Muzaffarabad
04/09/2020,35,0,7,Local - Social Contact,Islamabad Capital Territory,Islamabad
04/09/2020,0,0,5,Iran/Taftan,Punjab,Dera Ghazi Khan
04/09/2020,213,1,0,Tableeghi Jamaat,Punjab,Raiwind
04/09/2020,18,0,0,Tableeghi Jamaat,Punjab,Faisalabad
04/09/2020,366,0,0,Tableeghi Jamaat,Punjab,Multan
04/10/2020,12,0,0,Jail,Punjab,Lahore
04/09/2020,0,0,18,Local - Social Contact,Sindh,Sukkur
04/09/2020,92,1,0,,Sindh,Karachi
04/09/2020,0,0,69,Iran/Taftan,Sindh,Sukkur
04/09/2020,7,0,0,Local - Social Contact,Baluchistan,Quetta
04/09/2020,2,0,0,Local - Social Contact,Gilgit-Baltistan,Kharmang
04/09/2020,3,0,0,Local - Social Contact,Khyber Pakhtunkhwa,Abbottabad
04/09/2020,6,0,0,Local - Social Contact,Khyber Pakhtunkhwa,Buner
04/09/2020,1,0,0,Local - Social Contact,Khyber Pakhtunkhwa,Charsadda
04/09/2020,10,0,0,Local - Social Contact,Khyber Pakhtunkhwa,Dir Upper
04/09/2020,4,0,0,Local - Social Contact,Khyber Pakhtunkhwa,Hangu
04/09/2020,1,0,0,Local - Social Contact,Khyber Pakhtunkhwa,Haripur
04/09/2020,6,1,0,Local - Social Contact,Khyber Pakhtunkhwa,Mardan
04/09/2020,1,0,0,Local - Social Contact,Khyber Pakhtunkhwa,Nowshera
04/09/2020,1,0,0,Local - Social Contact,Khyber Pakhtunkhwa,Orakzai
04/09/2020,15,1,0,Local - Social Contact,Khyber Pakhtunkhwa,Peshawar
04/09/2020,2,0,0,Local - Social Contact,Khyber Pakhtunkhwa,Shangla
04/09/2020,1,0,0,Local - Social Contact,Khyber Pakhtunkhwa,Swabi
04/09/2020,7,0,0,Local - Social Contact,Khyber Pakhtunkhwa,Swat
04/09/2020,1,0,0,Local - Social Contact,Federal Administration Tribal Area,North Waziristan
04/09/2020,5,0,0,Local - Social Contact,Azad Jummu Kashmir,Muzaffarabad
04/09/2020,23,0,0,Local - Social Contact,Punjab,Lahore
04/09/2020,1,0,0,Local - Social Contact,Punjab,Gujrat
04/09/2020,0,0,1,Local - Social Contact,Punjab,Jehlum
04/09/2020,0,0,1,Local - Social Contact,Punjab,Gujranwala
04/09/2020,1,0,0,Local - Social Contact,Punjab,Rawalpindi
04/09/2020,4,0,0,Local - Social Contact,Punjab,Chakwal
04/09/2020,6,0,0,Local - Social Contact,Punjab,Faisalabad
04/09/2020,0,0,7,Local - Social Contact,Punjab,Mandi Bahauddin
04/09/2020,0,0,1,Local - Social Contact,Punjab,Mianwali
04/09/2020,2,0,0,Local - Social Contact,Punjab,rowal
04/09/2020,17,0,0,Local - Social Contact,Punjab,Rahim Yar Khan
04/09/2020,2,0,0,Local - Social Contact,Punjab,Sargodha
04/09/2020,1,0,0,Local - Social Contact,Punjab,Jhang
04/09/2020,8,0,0,Local - Social Contact,Punjab,Sialkot
04/09/2020,0,0,4,Local - Social Contact,Punjab,Bahawal gar
04/09/2020,6,0,0,Local - Social Contact,Punjab,Hafizabad
04/09/2020,2,0,0,Local - Social Contact,Punjab,Khushab
04/09/2020,2,0,0,Local - Social Contact,Punjab,Bahawalpur
04/09/2020,2,0,0,Local - Social Contact,Punjab,Sheikhupura
04/10/2020,85,1,9,Local - Social Contact,Sindh,Karachi
04/10/2020,1,0,0,Local - Social Contact,Sindh,Shaheed Bezirabad
04/10/2020,1,0,13,Local - Social Contact,Baluchistan,Quetta
04/10/2020,0,0,14,Local - Social Contact,Gilgit-Baltistan,gar
04/10/2020,0,0,0,Local - Social Contact,Khyber Pakhtunkhwa,Peshawar
04/10/2020,3,0,0,Local - Social Contact,Khyber Pakhtunkhwa,Abbottabad
04/10/2020,3,0,3,Local - Social Contact,Federal Administration Tribal Area,Bajaur
04/10/2020,5,0,0,Local - Social Contact,Khyber Pakhtunkhwa,Bannu
04/10/2020,4,0,1,Local - Social Contact,Khyber Pakhtunkhwa,Buner
04/10/2020,3,0,0,Local - Social Contact,Khyber Pakhtunkhwa,Charsadda
04/10/2020,0,1,0,Tableeghi Jamaat,Khyber Pakhtunkhwa,Dir Lower
04/10/2020,1,0,0,Local - Social Contact,Khyber Pakhtunkhwa,Dir Upper
04/10/2020,1,0,1,Local - Social Contact,Khyber Pakhtunkhwa,Hangu
04/10/2020,1,0,0,Local - Social Contact,Khyber Pakhtunkhwa,Haripur
04/10/2020,0,0,1,Local - Social Contact,Khyber Pakhtunkhwa,Karak
04/10/2020,2,0,1,Local - Social Contact,Khyber Pakhtunkhwa,Kohat
04/10/2020,2,1,0,Local - Social Contact,Khyber Pakhtunkhwa,Malakand
04/10/2020,1,0,0,Local - Social Contact,Khyber Pakhtunkhwa,Nowshera
04/10/2020,8,0,0,Local - Social Contact,Khyber Pakhtunkhwa,Peshawar
04/10/2020,3,0,0,Local - Social Contact,Khyber Pakhtunkhwa,Swabi
04/10/2020,2,1,2,Tableeghi Jamaat,Khyber Pakhtunkhwa,Swat
04/10/2020,0,0,1,Local - Social Contact,Khyber Pakhtunkhwa,Tank
04/10/2020,0,0,2,Iran/Taftan,Khyber Pakhtunkhwa,Dera Ismail Khan
04/10/2020,0,0,0,Local - Social Contact,Azad Jummu Kashmir,Muzaffarabad
04/10/2020,10,0,0,Local - Social Contact,Punjab,Lahore
04/10/2020,1,0,0,Local - Social Contact,Punjab,Faisalabad
04/10/2020,0,0,5,Local - Social Contact,Punjab,nka
04/10/2020,7,0,0,Local - Social Contact,Punjab,Sheikhupura
04/11/2020,1,0,10,Local - Social Contact,Gilgit-Baltistan,Gilgit
04/11/2020,0,0,11,Local - Social Contact,Gilgit-Baltistan,gar
04/11/2020,1,0,0,Local - Social Contact,Azad Jummu Kashmir,Muzaffarabad
04/11/2020,8,0,6,Local - Social Contact,Baluchistan,Quetta
04/11/2020,5,4,1,Local - Social Contact,Khyber Pakhtunkhwa,Peshawar
04/11/2020,5,1,0,Local - Social Contact,Khyber Pakhtunkhwa,Kohat
04/11/2020,3,1,0,Local - Social Contact,Khyber Pakhtunkhwa,Nowshera
04/11/2020,1,0,4,Local - Social Contact,Khyber Pakhtunkhwa,Abbottabad
04/11/2020,5,0,0,Local - Social Contact,Khyber Pakhtunkhwa,Buner
04/11/2020,3,0,0,Local - Social Contact,Khyber Pakhtunkhwa,Dir Lower
04/11/2020,6,0,0,Local - Social Contact,Khyber Pakhtunkhwa,Dir Upper
04/11/2020,6,0,0,Local - Social Contact,Khyber Pakhtunkhwa,Mansehra
04/11/2020,5,0,0,Local - Social Contact,Khyber Pakhtunkhwa,Mardan
04/11/2020,4,0,0,Local - Social Contact,Khyber Pakhtunkhwa,Shangla
04/11/2020,2,0,2,Local - Social Contact,Khyber Pakhtunkhwa,Swat
04/11/2020,0,0,1,Local - Social Contact,Khyber Pakhtunkhwa,Dera Ismail Khan
04/11/2020,84,6,0,Local - Social Contact,Sindh,Karachi
04/11/2020,3,0,0,Local - Social Contact,Sindh,Larka
04/11/2020,17,0,0,Local - Social Contact,Sindh,Hyderabad
04/11/2020,29,3,0,Local - Social Contact,Punjab,Lahore
04/11/2020,1,0,0,Tableeghi Jamaat,Punjab,Dera Ghazi Khan
04/11/2020,30,0,0,Local - Social Contact,Punjab,Gujrat
04/11/2020,7,0,0,Tableeghi Jamaat,Punjab,Raiwind
04/11/2020,5,0,0,Local - Social Contact,Punjab,Rawalpindi
04/11/2020,3,0,0,Local - Social Contact,Punjab,nka
04/11/2020,16,0,0,Local - Social Contact,Punjab,Laiya
04/11/2020,0,0,2,Local - Social Contact,Punjab,Jehlum
04/11/2020,47,0,0,,Punjab,Bhakhar
04/12/2020,1,0,3,Local - Social Contact,Islamabad Capital Territory,Islamabad
04/12/2020,79,2,18,,Sindh,Karachi
04/12/2020,14,0,0,,Sindh,Khairpur
04/12/2020,9,1,0,Local - Social Contact,Khyber Pakhtunkhwa,Peshawar
04/12/2020,2,1,0,Local - Social Contact,Khyber Pakhtunkhwa,Mardan
04/12/2020,0,1,0,Local - Social Contact,Khyber Pakhtunkhwa,Swabi
04/12/2020,6,0,0,Local - Social Contact,Khyber Pakhtunkhwa,Buner
04/12/2020,1,0,0,Local - Social Contact,Khyber Pakhtunkhwa,Dir Upper
04/12/2020,1,0,0,Local - Social Contact,Khyber Pakhtunkhwa,Hangu
04/12/2020,4,0,0,Local - Social Contact,Khyber Pakhtunkhwa,Karak
04/12/2020,4,0,0,Local - Social Contact,Khyber Pakhtunkhwa,Kohat
04/12/2020,2,0,0,Local - Social Contact,Federal Administration Tribal Area,Kurrum
04/12/2020,3,0,0,Local - Social Contact,Khyber Pakhtunkhwa,Malakand
04/12/2020,10,0,0,Local - Social Contact,Khyber Pakhtunkhwa,Mansehra
04/12/2020,2,0,0,Local - Social Contact,Khyber Pakhtunkhwa,Nowshera
04/12/2020,2,0,1,Local - Social Contact,Khyber Pakhtunkhwa,Swat
04/12/2020,1,0,0,Local - Social Contact,Federal Administration Tribal Area,South Waziristan
04/12/2020,0,0,2,Local - Social Contact,Federal Administration Tribal Area,North Waziristan
04/12/2020,8,0,0,Local - Social Contact,Baluchistan,Quetta
04/12/2020,6,0,1,Local - Social Contact,Azad Jummu Kashmir,Muzaffarabad
04/12/2020,32,2,25,Local - Social Contact,Punjab,Lahore
04/12/2020,19,0,0,Local - Social Contact,Punjab,Multan
04/12/2020,0,0,175,Iran/Taftan,Punjab,Dera Ghazi Khan
04/12/2020,6,0,0,Local - Social Contact,Punjab,Gujrat
04/12/2020,2,0,0,Local - Social Contact,Punjab,Rawalpindi
04/12/2020,3,0,0,Local - Social Contact,Punjab,Faisalabad
04/12/2020,19,0,0,Local - Social Contact,Punjab,Rahim Yar Khan
04/12/2020,6,0,0,Local - Social Contact,Punjab,Vehari
04/12/2020,1,0,0,Local - Social Contact,Punjab,Khushab
04/12/2020,1,0,0,Local - Social Contact,Punjab,Bahawalpur
4/13/2020,12,0,0,Local - Social Contact,Islamabad Capital Territory,Islamabad
04/12/2020,9,0,0,Jail,Punjab,Lahore
4/13/2020,0,1,0,,Punjab,Lahore
4/13/2020,0,0,0,Tableeghi Jamaat,Punjab,Dera Ghazi Khan
4/13/2020,60,0,0,Local - Social Contact,Punjab,Multan
4/13/2020,39,1,30,,Sindh,Karachi
4/13/2020,1,0,0,Local - Social Contact,Sindh,Sujawal
4/13/2020,1,0,0,Local - Social Contact,Sindh,Sanghar
4/13/2020,0,1,0,Local - Social Contact,Khyber Pakhtunkhwa,Peshawar
4/13/2020,1,1,1,Local - Social Contact,Khyber Pakhtunkhwa,Abbottabad
4/13/2020,5,0,0,Local - Social Contact,Khyber Pakhtunkhwa,Charsadda
4/13/2020,3,0,2,Local - Social Contact,Khyber Pakhtunkhwa,Kohat
4/13/2020,9,0,0,Local - Social Contact,Federal Administration Tribal Area,Kurrum
4/13/2020,2,0,0,Local - Social Contact,Khyber Pakhtunkhwa,Malakand
4/13/2020,1,0,0,Local - Social Contact,Federal Administration Tribal Area,Mohmand
4/13/2020,1,0,0,Local - Social Contact,Khyber Pakhtunkhwa,Nowshera
4/13/2020,31,0,0,Local - Social Contact,Khyber Pakhtunkhwa,Peshawar
4/13/2020,3,0,0,Local - Social Contact,Khyber Pakhtunkhwa,Swat
4/13/2020,0,0,1,Local - Social Contact,Khyber Pakhtunkhwa,Swabi
4/13/2020,0,0,0,Local - Social Contact,Khyber Pakhtunkhwa,Lakki Marwat
4/13/2020,0,0,2,Local - Social Contact,Khyber Pakhtunkhwa,Dir Lower
4/13/2020,0,0,1,Local - Social Contact,Federal Administration Tribal Area,Bajaur
4/13/2020,0,0,1,Local - Social Contact,Khyber Pakhtunkhwa,Bannu
4/13/2020,3,0,0,Local - Social Contact,Azad Jummu Kashmir,Muzaffarabad
4/13/2020,1,0,0,Local - Social Contact,Baluchistan,Quetta
4/14/2020,10,0,6,Local - Social Contact,Gilgit-Baltistan,Shigar
4/14/2020,0,0,5,Local - Social Contact,Gilgit-Baltistan,Kharmang
4/14/2020,0,0,11,Local - Social Contact,Gilgit-Baltistan,Skardu
4/14/2020,0,0,2,Local - Social Contact,Gilgit-Baltistan,Ghanche
4/14/2020,17,0,0,Local - Social Contact,Baluchistan,Quetta
4/14/2020,66,3,0,Local - Social Contact,Sindh,Karachi
4/14/2020,0,1,3,Local - Social Contact,Sindh,Hyderabad
4/14/2020,0,0,1,Iran/Taftan,Sindh,Sukkur
4/14/2020,22,3,0,,Khyber Pakhtunkhwa,Peshawar
4/14/2020,4,0,0,,Khyber Pakhtunkhwa,Dera Ismail Khan
4/14/2020,5,0,0,Local - Social Contact,Khyber Pakhtunkhwa,Bannu
4/14/2020,7,0,1,Local - Social Contact,Khyber Pakhtunkhwa,Buner
4/14/2020,4,0,2,Local - Social Contact,Khyber Pakhtunkhwa,Charsadda
4/14/2020,11,0,7,Local - Social Contact,Khyber Pakhtunkhwa,Dir Upper
4/14/2020,3,0,0,Local - Social Contact,Khyber Pakhtunkhwa,Hangu
4/14/2020,1,0,0,Local - Social Contact,Federal Administration Tribal Area,Khyber
4/14/2020,1,0,5,Local - Social Contact,Khyber Pakhtunkhwa,Kohat
4/14/2020,4,0,0,Local - Social Contact,Khyber Pakhtunkhwa,Nowshera
4/14/2020,2,0,0,Local - Social Contact,Khyber Pakhtunkhwa,Shangla
4/14/2020,1,0,0,Local - Social Contact,Federal Administration Tribal Area,North Waziristan
4/14/2020,0,0,3,Local - Social Contact,Khyber Pakhtunkhwa,Abbottabad
4/14/2020,0,0,3,Local - Social Contact,Khyber Pakhtunkhwa,Swat
4/14/2020,0,0,4,Local - Social Contact,Khyber Pakhtunkhwa,Dir Lower
4/14/2020,0,0,3,Local - Social Contact,Khyber Pakhtunkhwa,Haripur
4/14/2020,35,4,0,,Punjab,Lahore
4/14/2020,45,0,0,Local - Social Contact,Punjab,Multan
4/14/2020,13,0,0,Local - Social Contact,Punjab,Gujrat
4/14/2020,44,0,0,Local - Social Contact,Punjab,Jehlum
4/14/2020,2,0,0,Local - Social Contact,Punjab,Gujranwala
4/14/2020,22,0,0,Local - Social Contact,Punjab,Rawalpindi
4/14/2020,7,0,0,Local - Social Contact,Punjab,Faisalabad
4/14/2020,11,0,0,Local - Social Contact,Punjab,Mandi Bahauddin
4/14/2020,8,0,0,Local - Social Contact,Punjab,Mianwali
4/14/2020,15,0,0,Local - Social Contact,Punjab,rowal
4/14/2020,5,0,0,Local - Social Contact,Punjab,Rahim Yar Khan
4/14/2020,36,0,0,Local - Social Contact,Punjab,Sargodha
4/14/2020,7,0,0,Local - Social Contact,Punjab,Sahewal
4/14/2020,9,0,0,Local - Social Contact,Punjab,Rajanpur
4/14/2020,22,0,0,Local - Social Contact,Punjab,Sialkot
4/14/2020,5,0,0,Local - Social Contact,Punjab,Bahawal gar
4/14/2020,35,0,0,Local - Social Contact,Punjab,Hafizabad
4/14/2020,52,0,0,Local - Social Contact,Punjab,Muzaffargar
4/14/2020,2,0,0,Local - Social Contact,Punjab,nka
4/14/2020,47,0,0,Local - Social Contact,Punjab,Vehari
4/14/2020,2,0,0,Local - Social Contact,Punjab,Khushab
4/14/2020,11,0,0,Local - Social Contact,Punjab,Laiya
4/14/2020,2,0,0,Local - Social Contact,Punjab,Khanewal
4/14/2020,8,0,0,Local - Social Contact,Punjab,Sheikhupura
4/14/2020,1,0,0,Local - Social Contact,Punjab,Pakpatan
4/14/2020,14,0,0,Local - Social Contact,Punjab,Bhakhar
4/14/2020,10,0,0,Tableeghi Jamaat,Punjab,Raiwind
4/15/2020,9,0,0,Local - Social Contact,Islamabad Capital Territory,Islamabad
4/15/2020,3,0,0,,Azad Jummu Kashmir,Muzaffarabad
4/15/2020,0,0,19,Local - Social Contact,Gilgit-Baltistan,Skardu
4/15/2020,3,0,0,Local - Social Contact,Gilgit-Baltistan,Diamer
4/15/2020,2,0,0,Local - Social Contact,Gilgit-Baltistan,gar
4/15/2020,6,0,2,Local - Social Contact,Gilgit-Baltistan,Astore
4/15/2020,0,0,1,Local - Social Contact,Gilgit-Baltistan,gar
4/15/2020,33,1,13,,Baluchistan,Quetta
4/15/2020,1,0,0,Local - Social Contact,Sindh,Larka
4/15/2020,7,0,0,Local - Social Contact,Sindh,ushero Feroz
4/15/2020,28,0,0,Local - Social Contact,Sindh,Shaheed Bezirabad
4/15/2020,20,0,104,Tableeghi Jamaat,Sindh,Hyderabad
4/15/2020,94,5,27,Local - Social Contact,Sindh,Karachi
4/15/2020,0,1,0,Iran/Taftan,Sindh,Sukkur
4/15/2020,38,4,0,Local - Social Contact,Khyber Pakhtunkhwa,Peshawar
4/15/2020,0,0,3,Iran/Taftan,Khyber Pakhtunkhwa,Peshawar
4/15/2020,1,0,0,Local - Social Contact,Khyber Pakhtunkhwa,Buner
4/15/2020,7,0,0,Local - Social Contact,Khyber Pakhtunkhwa,Dera Ismail Khan
4/15/2020,1,0,1,Local - Social Contact,Khyber Pakhtunkhwa,Kohat
4/15/2020,2,0,0,Local - Social Contact,Khyber Pakhtunkhwa,Orakzai
4/15/2020,1,0,3,Local - Social Contact,Khyber Pakhtunkhwa,Swat
4/15/2020,0,0,1,Local - Social Contact,Khyber Pakhtunkhwa,Mardan
4/15/2020,0,0,2,Local - Social Contact,Khyber Pakhtunkhwa,Mansehra
4/15/2020,0,0,1,Local - Social Contact,Federal Administration Tribal Area,Khyber
4/15/2020,0,0,2,Local - Social Contact,Khyber Pakhtunkhwa,Dir Upper
4/15/2020,0,0,1,Local - Social Contact,Khyber Pakhtunkhwa,Abbottabad
4/15/2020,20,0,0,Local - Social Contact,Punjab,Rawalpindi
4/15/2020,10,0,0,Local - Social Contact,Punjab,Gujranwala
4/15/2020,0,0,28,Local - Social Contact,Punjab,Lahore
4/15/2020,0,0,1,Local - Social Contact,Punjab,Chakwal
4/15/2020,24,0,0,Local - Social Contact,Punjab,Lahore
4/15/2020,3,0,0,Local - Social Contact,Punjab,Mandi Bahauddin
4/15/2020,1,0,0,Local - Social Contact,Punjab,Jhang
4/15/2020,7,0,0,Local - Social Contact,Punjab,rowal
4/16/2020,21,0,0,Local - Social Contact,Punjab,Rawalpindi
4/16/2020,10,0,0,Local - Social Contact,Punjab,Gujranwala
4/16/2020,9,0,0,Local - Social Contact,Punjab,Multan
4/16/2020,4,0,0,Local - Social Contact,Punjab,Gujrat
4/16/2020,24,2,59,Local - Social Contact,Baluchistan,Quetta
4/16/2020,5,0,0,Local - Social Contact,Islamabad Capital Territory,Islamabad
4/16/2020,22,2,1,Local - Social Contact,Khyber Pakhtunkhwa,Peshawar
4/16/2020,1,1,4,Local - Social Contact,Khyber Pakhtunkhwa,Nowshera
4/16/2020,7,0,0,Local - Social Contact,Khyber Pakhtunkhwa,Buner
4/16/2020,2,0,0,Local - Social Contact,Khyber Pakhtunkhwa,Dir Lower
4/16/2020,3,0,0,Local - Social Contact,Khyber Pakhtunkhwa,Dir Upper
4/16/2020,1,0,0,Local - Social Contact,Khyber Pakhtunkhwa,Haripur
4/16/2020,2,0,3,Local - Social Contact,Khyber Pakhtunkhwa,Kohat
4/16/2020,2,0,0,Local - Social Contact,Federal Administration Tribal Area,Kurrum
4/16/2020,4,0,0,Local - Social Contact,Khyber Pakhtunkhwa,Malakand
4/16/2020,5,0,0,Local - Social Contact,Khyber Pakhtunkhwa,Mansehra
4/16/2020,1,0,0,Local - Social Contact,Khyber Pakhtunkhwa,Mardan
4/16/2020,1,0,0,Local - Social Contact,Khyber Pakhtunkhwa,Shangla
4/16/2020,7,0,0,Local - Social Contact,Khyber Pakhtunkhwa,Swat
4/16/2020,0,0,1,Local - Social Contact,Federal Administration Tribal Area,Bajaur
4/16/2020,0,0,2,Local - Social Contact,Khyber Pakhtunkhwa,Bannu
4/16/2020,0,0,3,Local - Social Contact,Khyber Pakhtunkhwa,Lakki Marwat
4/16/2020,8,0,6,,Gilgit-Baltistan,Gilgit
4/16/2020,0,7,112,,Punjab,Lahore
4/16/2020,24,0,0,Local - Social Contact,Punjab,Lahore
4/16/2020,8,0,0,Local - Social Contact,Punjab,Faisalabad
4/16/2020,1,0,0,Local - Social Contact,Punjab,Dera Ghazi Khan
4/16/2020,21,0,0,Local - Social Contact,Punjab,Rahim Yar Khan
4/16/2020,86,0,0,,Punjab,Sargodha
4/16/2020,3,0,0,Local - Social Contact,Punjab,Sialkot
4/16/2020,3,0,0,Local - Social Contact,Punjab,Bahawal gar
4/16/2020,48,0,0,,Punjab,Bahawalpur
4/16/2020,4,0,0,Local - Social Contact,Punjab,Sheikhupura
4/16/2020,1,0,0,Local - Social Contact,Punjab,Bhakhar
4/16/2020,10,0,0,Tableeghi Jamaat,Punjab,Multan
4/16/2020,21,0,0,Local - Social Contact,Punjab,Khushab
4/16/2020,70,4,16,Local - Social Contact,Sindh,Karachi
4/16/2020,1,0,0,Local - Social Contact,Sindh,Hyderabad
4/16/2020,10,0,0,Local - Social Contact,Sindh,Dadu
4/16/2020,3,0,0,Local - Social Contact,Sindh,Shikarpur
4/16/2020,0,0,0,,Sindh,Khairpur
4/16/2020,52,0,0,,Sindh,Sukkur
4/16/2020,96,0,0,,Sindh,Ghotki
4/16/2020,4,0,0,Local - Social Contact,Sindh,Tando Alahyar
4/16/2020,1,0,0,Local - Social Contact,Sindh,Tando M. Khan
4/16/2020,12,0,0,Local - Social Contact,Sindh,Sanghar
4/16/2020,5,0,0,Local - Social Contact,Sindh,Sujawal
4/16/2020,3,0,0,Local - Social Contact,Sindh,ushero Feroz
4/16/2020,2,0,0,Local - Social Contact,Sindh,Badin
4/16/2020,2,0,0,Local - Social Contact,Sindh,Jamshoro
4/16/2020,53,0,0,,Sindh,Shaheed Bezirabad
4/17/2020,9,0,0,Local - Social Contact,Islamabad Capital Territory,Islamabad
4/17/2020,123,2,3,,Sindh,Karachi
4/17/2020,0,0,2,Local - Social Contact,Sindh,Larka
4/17/2020,1,0,0,Local - Social Contact,Sindh,Badin
4/17/2020,1,0,0,Local - Social Contact,Sindh,ushero Feroz
4/17/2020,2,0,0,Local - Social Contact,Sindh,Sujawal
4/17/2020,1,0,0,Local - Social Contact,Sindh,Sanghar
4/17/2020,6,0,0,Local - Social Contact,Sindh,Tando M. Khan
4/17/2020,28,0,0,,Sindh,Ghotki
4/17/2020,73,0,0,,Sindh,Khairpur
4/17/2020,1,0,0,Local - Social Contact,Sindh,Umerkot
4/17/2020,2,0,0,Local - Social Contact,Azad Jummu Kashmir,Muzaffarabad
4/17/2020,5,0,9,Local - Social Contact,Gilgit-Baltistan,Gilgit
4/17/2020,6,0,0,,Baluchistan,Quetta
4/17/2020,41,0,0,Local - Social Contact,Baluchistan,Quetta
4/17/2020,24,2,0,Local - Social Contact,Punjab,Lahore
4/17/2020,20,0,0,Local - Social Contact,Punjab,Rawalpindi
4/17/2020,10,0,0,Local - Social Contact,Punjab,Gujranwala
4/17/2020,9,0,0,Local - Social Contact,Punjab,Multan
4/17/2020,4,0,0,Local - Social Contact,Punjab,Gujrat
4/17/2020,8,0,0,Local - Social Contact,Punjab,Faisalabad
4/17/2020,20,0,0,Local - Social Contact,Punjab,Rahim Yar Khan
4/17/2020,3,0,0,Local - Social Contact,Punjab,Sialkot
4/17/2020,4,0,0,Local - Social Contact,Punjab,Bahawal gar
4/17/2020,95,0,0,Tableeghi Jamaat,Punjab,Multan
4/17/2020,9,0,0,Local - Social Contact,Punjab,Muzaffargar
4/17/2020,2,0,0,Local - Social Contact,Punjab,nka
4/17/2020,1,0,0,Local - Social Contact,Punjab,Kasur
4/17/2020,4,0,0,Local - Social Contact,Punjab,Laiya
4/18/2020,9,1,2,Local - Social Contact,Islamabad Capital Territory,Islamabad
4/18/2020,138,1,11,,Sindh,Karachi
4/18/2020,1,0,0,Local - Social Contact,Sindh,Kambar Shahdadkot
4/18/2020,9,0,0,Local - Social Contact,Sindh,Kashmore
4/18/2020,6,0,0,Local - Social Contact,Sindh,Mirpurkhas
4/18/2020,4,0,0,Local - Social Contact,Sindh,Tharparkar
4/18/2020,0,0,0,Iran/Taftan,Sindh,Sukkur
4/18/2020,43,5,0,,Khyber Pakhtunkhwa,Peshawar
4/18/2020,41,0,0,Afghanistan,Khyber Pakhtunkhwa,Peshawar
4/18/2020,7,0,1,Local - Social Contact,Gilgit-Baltistan,Gilgit
4/18/2020,8,0,0,Local - Social Contact,Baluchistan,Quetta
4/18/2020,2,0,25,India,Punjab,Lahore
4/18/2020,5,4,0,Local - Social Contact,Punjab,Lahore
4/18/2020,2,0,0,Local - Social Contact,Punjab,Dera Ghazi Khan
4/18/2020,7,0,0,Local - Social Contact,Punjab,Gujrat
4/18/2020,1,0,0,Local - Social Contact,Punjab,Rawalpindi
4/18/2020,1,0,0,Local - Social Contact,Punjab,Chakwal
4/18/2020,1,0,0,Local - Social Contact,Punjab,Attock
4/19/2020,8,0,0,Local - Social Contact,Islamabad Capital Territory,Islamabad
4/19/2020,0,0,29,Tableeghi Jamaat,Punjab,Lahore
4/19/2020,182,8,0,,Sindh,Karachi
4/19/2020,3,0,0,Local - Social Contact,Sindh,Umerkot
4/19/2020,2,0,0,Local - Social Contact,Sindh,Shikarpur
4/19/2020,10,0,0,Local - Social Contact,Sindh,Jacobabad
4/19/2020,1,0,0,Local - Social Contact,Azad Jummu Kashmir,Muzaffarabad
4/19/2020,6,0,1,Local - Social Contact,Gilgit-Baltistan,Gilgit
4/19/2020,60,2,0,Local - Social Contact,Khyber Pakhtunkhwa,Peshawar
4/19/2020,0,1,0,Local - Social Contact,Khyber Pakhtunkhwa,Nowshera
4/19/2020,0,1,0,Local - Social Contact,Federal Administration Tribal Area,Mohmand
4/19/2020,0,4,0,Local - Social Contact,Khyber Pakhtunkhwa,Swat
4/19/2020,0,1,0,Local - Social Contact,Khyber Pakhtunkhwa,Malakand
4/19/2020,0,1,0,Local - Social Contact,Khyber Pakhtunkhwa,Abbottabad
4/19/2020,0,0,5,Local - Social Contact,Khyber Pakhtunkhwa,Hangu
4/19/2020,0,0,3,Local - Social Contact,Khyber Pakhtunkhwa,Haripur
4/19/2020,0,0,2,Local - Social Contact,Khyber Pakhtunkhwa,Kohat
4/19/2020,0,0,1,Local - Social Contact,Khyber Pakhtunkhwa,Lakki Marwat
4/19/2020,0,0,4,Local - Social Contact,Khyber Pakhtunkhwa,Shangla
4/19/2020,0,0,3,Local - Social Contact,Khyber Pakhtunkhwa,Swabi
4/19/2020,0,0,8,Local - Social Contact,Khyber Pakhtunkhwa,Charsadda
4/19/2020,0,0,15,Local - Social Contact,Khyber Pakhtunkhwa,Buner
4/19/2020,0,0,4,Local - Social Contact,Khyber Pakhtunkhwa,Bannu
4/19/2020,56,0,0,Local - Social Contact,Baluchistan,Quetta
4/19/2020,3,0,0,Jail,Punjab,Lahore
4/19/2020,36,0,0,Local - Social Contact,Punjab,Lahore
4/19/2020,3,0,0,Local - Social Contact,Punjab,Multan
4/19/2020,0,0,4,Local - Social Contact,Punjab,Gujrat
4/19/2020,15,0,0,Local - Social Contact,Punjab,Gujranwala
4/19/2020,32,0,0,Local - Social Contact,Punjab,Rawalpindi
4/19/2020,1,0,0,Local - Social Contact,Punjab,rowal
4/19/2020,2,0,0,Local - Social Contact,Punjab,Rahim Yar Khan
4/19/2020,29,0,0,Local - Social Contact,Punjab,Sargodha
4/19/2020,13,0,0,Local - Social Contact,Punjab,Attock
4/19/2020,1,0,0,Local - Social Contact,Punjab,Sahewal
4/19/2020,23,0,0,Local - Social Contact,Punjab,Sialkot
4/19/2020,0,0,1,Local - Social Contact,Punjab,Hafizabad
4/19/2020,7,0,0,Local - Social Contact,Punjab,nka
4/19/2020,0,0,4,Local - Social Contact,Punjab,Bahawalpur
4/19/2020,76,0,0,Local - Social Contact,Punjab,Lodhran
4/19/2020,5,0,0,Local - Social Contact,Punjab,Khanewal
4/19/2020,5,0,0,Local - Social Contact,Punjab,Toba Tek Singh
4/19/2020,3,0,0,Local - Social Contact,Punjab,Sheikhupura
4/19/2020,1,0,0,Local - Social Contact,Punjab,Bhakhar
4/20/2020,33,1,0,Local - Social Contact,Baluchistan,Quetta
4/20/2020,150,5,10,Local - Social Contact,Sindh,Karachi
4/20/2020,57,0,0,,Sindh,Larka
4/20/2020,6,0,0,Jail,Sindh,Karachi
4/20/2020,1,0,0,Local - Social Contact,Sindh,Dadu
4/20/2020,18,0,0,Local - Social Contact,Gilgit-Baltistan,Gilgit
4/20/2020,334,1,0,Local - Social Contact,Punjab,Lahore
4/20/2020,98,5,11,Local - Social Contact,Khyber Pakhtunkhwa,Peshawar
4/20/2020,0,1,0,Local - Social Contact,Khyber Pakhtunkhwa,Kohat
4/20/2020,0,2,0,Local - Social Contact,Khyber Pakhtunkhwa,Kurrum
4/20/2020,0,2,0,Local - Social Contact,Khyber Pakhtunkhwa,Mansehra
4/20/2020,0,0,4,Local - Social Contact,Khyber Pakhtunkhwa,Dera Ismail Khan
4/20/2020,0,0,15,Local - Social Contact,Khyber Pakhtunkhwa,Swat
4/20/2020,0,0,17,Local - Social Contact,Khyber Pakhtunkhwa,Mardan
4/20/2020,0,0,5,Local - Social Contact,Khyber Pakhtunkhwa,Abbottabad
4/20/2020,10,1,0,Local - Social Contact,Islamabad Capital Territory,Islamabad
4/21/2020,0,0,0,Local - Social Contact,Khyber Pakhtunkhwa,Peshawar
4/21/2020,69,0,1,Local - Social Contact,Khyber Pakhtunkhwa,Karak
4/21/2020,0,0,7,Local - Social Contact,Khyber Pakhtunkhwa,Dir Lower
4/21/2020,0,0,8,Local - Social Contact,Khyber Pakhtunkhwa,Dir Upper
4/21/2020,26,5,2,Local - Social Contact,Khyber Pakhtunkhwa,Peshawar
4/21/2020,2,0,0,Afghanistan,Khyber Pakhtunkhwa,Peshawar
4/21/2020,4,0,0,Local - Social Contact,Khyber Pakhtunkhwa,Charsadda
4/21/2020,1,0,9,Local - Social Contact,Khyber Pakhtunkhwa,Nowshera
4/21/2020,1,0,4,Local - Social Contact,Federal Administration Tribal Area,Khyber
4/21/2020,8,1,0,Local - Social Contact,Khyber Pakhtunkhwa,Mardan
4/21/2020,0,1,0,Local - Social Contact,Khyber Pakhtunkhwa,Swabi
4/21/2020,2,0,0,Local - Social Contact,Khyber Pakhtunkhwa,Bannu
4/21/2020,1,0,0,Local - Social Contact,Khyber Pakhtunkhwa,Dir Lower
4/21/2020,2,0,0,Local - Social Contact,Khyber Pakhtunkhwa,Dir Upper
4/21/2020,11,0,0,Local - Social Contact,Khyber Pakhtunkhwa,Malakand
4/21/2020,2,0,0,Local - Social Contact,Khyber Pakhtunkhwa,Kohat
4/21/2020,5,0,0,Local - Social Contact,Federal Administration Tribal Area,Kurrum
4/21/2020,1,0,0,Local - Social Contact,Khyber Pakhtunkhwa,Lakki Marwat
4/21/2020,1,0,0,Local - Social Contact,Federal Administration Tribal Area,North Waziristan
4/21/2020,0,2,0,Local - Social Contact,Khyber Pakhtunkhwa,Swat
4/21/2020,286,5,30,Local - Social Contact,Sindh,Karachi
4/21/2020,217,9,39,,Punjab,Lahore
4/21/2020,4,0,0,Local - Social Contact,Islamabad Capital Territory,Islamabad
4/21/2020,1,0,0,Local - Social Contact,Azad Jummu Kashmir,Muzaffarabad
4/21/2020,2,0,3,Local - Social Contact,Gilgit-Baltistan,Gilgit
4/21/2020,31,0,0,Local - Social Contact,Baluchistan,Quetta
4/22/2020,9,0,0,Local - Social Contact,Islamabad Capital Territory,Islamabad
4/22/2020,262,7,0,,Punjab,Lahore
4/22/2020,2,0,5,Local - Social Contact,Sindh,Larka
4/22/2020,78,0,0,Tableeghi Jamaat,Sindh,Khairpur
4/22/2020,12,0,10,Local - Social Contact,Sindh,Tando M. Khan
4/22/2020,10,0,0,Local - Social Contact,Sindh,Jamshoro
4/22/2020,6,0,0,Local - Social Contact,Sindh,Badin
4/22/2020,2,0,0,Local - Social Contact,Sindh,Sanghar
4/22/2020,4,0,0,Local - Social Contact,Sindh,Thatta
4/22/2020,38,0,18,Local - Social Contact,Sindh,Hyderabad
4/22/2020,155,2,32,Local - Social Contact,Sindh,Karachi
4/22/2020,15,1,0,Local - Social Contact,Sindh,Sukkur
4/22/2020,56,0,0,Local - Social Contact,Baluchistan,Quetta
4/22/2020,7,0,3,Local - Social Contact,Gilgit-Baltistan,Gilgit
4/22/2020,1,0,0,Local - Social Contact,Azad Jummu Kashmir,Muzaffarabad
4/22/2020,2,0,0,Afghanistan,Khyber Pakhtunkhwa,Peshawar
4/22/2020,2,0,0,Iran/Taftan,Khyber Pakhtunkhwa,Peshawar
4/22/2020,0,1,0,Local - Social Contact,Khyber Pakhtunkhwa,Charsadda
4/22/2020,2,0,0,Local - Social Contact,Khyber Pakhtunkhwa,Nowshera
4/22/2020,29,0,0,Local - Social Contact,Khyber Pakhtunkhwa,Swat
4/22/2020,1,0,0,Local - Social Contact,Khyber Pakhtunkhwa,Buner
4/22/2020,2,0,0,Local - Social Contact,Khyber Pakhtunkhwa,Dir Lower
4/22/2020,17,0,0,Local - Social Contact,Khyber Pakhtunkhwa,Malakand
4/22/2020,2,0,0,Local - Social Contact,Khyber Pakhtunkhwa,Mansehra
4/22/2020,6,0,0,Local - Social Contact,Khyber Pakhtunkhwa,Battagram
4/22/2020,2,0,0,Local - Social Contact,Khyber Pakhtunkhwa,Karak
4/22/2020,1,0,0,Local - Social Contact,Khyber Pakhtunkhwa,Kurrum
4/22/2020,39,0,0,Local - Social Contact,Khyber Pakhtunkhwa,Peshawar
4/22/2020,1,0,0,Local - Social Contact,Khyber Pakhtunkhwa,Bannu
4/22/2020,1,1,0,Local - Social Contact,Khyber Pakhtunkhwa,Mardan
4/22/2020,1,1,0,Local - Social Contact,Khyber Pakhtunkhwa,Swat
4/22/2020,1,0,0,Local - Social Contact,Khyber Pakhtunkhwa,Peshawar
4/22/2020,1,0,0,Local - Social Contact,Khyber Pakhtunkhwa,Shangla
4/23/2020,242,3,0,Local - Social Contact,Sindh,Karachi
4/23/2020,1,0,0,Local - Social Contact,Sindh,Khairpur
4/23/2020,14,1,0,Local - Social Contact,Sindh,Shaheed Bezirabad
4/23/2020,1,0,0,Local - Social Contact,Sindh,Sujawal
4/23/2020,1,0,0,Local - Social Contact,Sindh,Sanghar
4/23/2020,1,0,0,Local - Social Contact,Sindh,Ghotki
4/23/2020,25,0,8,Local - Social Contact,Sindh,Sukkur
4/23/2020,11,0,1,Local - Social Contact,Sindh,Larka
4/23/2020,1,0,1,Local - Social Contact,Sindh,Dadu
4/23/2020,1,0,1,Local - Social Contact,Sindh,Jacobabad
4/23/2020,0,0,17,Local - Social Contact,Sindh,Hyderabad
4/23/2020,0,0,5,Local - Social Contact,Sindh,Tando M. Khan
4/23/2020,10,0,0,Local - Social Contact,Islamabad Capital Territory,Islamabad
4/23/2020,10,0,0,Local - Social Contact,Gilgit-Baltistan,Gilgit
4/23/2020,4,0,0,Local - Social Contact,Azad Jummu Kashmir,Muzaffarabad
4/23/2020,55,0,0,,Baluchistan,Quetta
4/23/2020,14,1,3,Local - Social Contact,Khyber Pakhtunkhwa,Peshawar
4/23/2020,7,1,5,Local - Social Contact,Khyber Pakhtunkhwa,Charsadda
4/23/2020,1,0,0,Local - Social Contact,Khyber Pakhtunkhwa,Nowshera
4/23/2020,0,0,6,Local - Social Contact,Khyber Pakhtunkhwa,Khyber
4/23/2020,0,0,0,Local - Social Contact,Khyber Pakhtunkhwa,Mohmand
4/23/2020,1,0,10,Local - Social Contact,Khyber Pakhtunkhwa,Mardan
4/23/2020,0,0,2,Local - Social Contact,Khyber Pakhtunkhwa,Swabi
4/23/2020,3,0,10,Local - Social Contact,Khyber Pakhtunkhwa,Swat
4/23/2020,4,0,11,Local - Social Contact,Khyber Pakhtunkhwa,Buner
4/23/2020,3,0,2,Local - Social Contact,Khyber Pakhtunkhwa,Dir Lower
4/23/2020,0,0,25,Local - Social Contact,Khyber Pakhtunkhwa,Dir Upper
4/23/2020,4,0,4,Local - Social Contact,Khyber Pakhtunkhwa,Shangla
4/23/2020,6,0,0,Local - Social Contact,Khyber Pakhtunkhwa,Malakand
4/23/2020,0,0,0,Local - Social Contact,Khyber Pakhtunkhwa,Chitral Lower
4/23/2020,0,0,0,Local - Social Contact,Khyber Pakhtunkhwa,Chitral Upper
4/23/2020,3,0,0,Local - Social Contact,Khyber Pakhtunkhwa,Bajaur
4/23/2020,2,0,1,Local - Social Contact,Khyber Pakhtunkhwa,Mansehra
4/23/2020,0,0,1,Local - Social Contact,Khyber Pakhtunkhwa,Abbottabad
4/23/2020,0,0,0,Local - Social Contact,Khyber Pakhtunkhwa,Haripur
4/23/2020,0,0,0,Local - Social Contact,Khyber Pakhtunkhwa,Tor Ghar
4/23/2020,1,0,0,Local - Social Contact,Khyber Pakhtunkhwa,Kohistan upper
4/23/2020,0,0,0,Local - Social Contact,Khyber Pakhtunkhwa,Kohistan Lower
4/23/2020,0,0,0,Local - Social Contact,Khyber Pakhtunkhwa,Kolai Pallas
4/23/2020,1,0,0,Local - Social Contact,Khyber Pakhtunkhwa,Battagram
4/23/2020,2,0,15,Local - Social Contact,Khyber Pakhtunkhwa,Kohat
4/23/2020,0,0,4,Local - Social Contact,Khyber Pakhtunkhwa,Hangu
4/23/2020,2,0,2,Local - Social Contact,Khyber Pakhtunkhwa,Karak
4/23/2020,0,0,0,Local - Social Contact,Khyber Pakhtunkhwa,Kurrum
4/23/2020,0,0,2,Local - Social Contact,Khyber Pakhtunkhwa,Orakzai
4/23/2020,0,0,11,Local - Social Contact,Khyber Pakhtunkhwa,Bannu
4/23/2020,0,0,0,Local - Social Contact,Khyber Pakhtunkhwa,Lakki Marwat
4/23/2020,0,0,1,Local - Social Contact,Khyber Pakhtunkhwa,North Waziristan
4/23/2020,2,0,2,Local - Social Contact,Khyber Pakhtunkhwa,Dera Ismail Khan
4/23/2020,0,0,0,Local - Social Contact,Khyber Pakhtunkhwa,Tank
4/23/2020,0,0,1,Local - Social Contact,Khyber Pakhtunkhwa,South Waziristan
4/23/2020,23,0,0,Afghanistan,Khyber Pakhtunkhwa,Peshawar
4/23/2020,8,0,0,Intertiol Passenger,Khyber Pakhtunkhwa,Peshawar
4/23/2020,177,2,115,,Punjab,Lahore
4/24/2020,10,0,0,Local - Social Contact,Islamabad Capital Territory,Islamabad
4/24/2020,7,0,0,Local - Social Contact,Gilgit-Baltistan,Gilgit
4/24/2020,243,2,24,Local - Social Contact,Sindh,Karachi
4/24/2020,8,0,0,Local - Social Contact,Sindh,Shaheed Bezirabad
4/24/2020,1,0,0,Local - Social Contact,Sindh,Badin
4/24/2020,1,0,0,Local - Social Contact,Sindh,Sanghar
4/24/2020,1,0,0,Local - Social Contact,Sindh,Tando Alahyar
4/24/2020,14,0,0,Local - Social Contact,Sindh,Sukkur
4/24/2020,1,0,0,Local - Social Contact,Sindh,Khairpur
4/24/2020,3,0,0,Local - Social Contact,Sindh,Larka
4/24/2020,1,0,0,Local - Social Contact,Sindh,Kambar Shahdadkot
4/24/2020,0,0,18,,Sindh,Hyderabad
4/24/2020,49,2,0,Local - Social Contact,Baluchistan,Quetta
4/24/2020,0,0,56,Intertiol Passenger,Khyber Pakhtunkhwa,Peshawar
4/24/2020,66,4,7,Local - Social Contact,Khyber Pakhtunkhwa,Peshawar
4/24/2020,4,0,1,Local - Social Contact,Khyber Pakhtunkhwa,Charsadda
4/24/2020,4,0,1,Local - Social Contact,Khyber Pakhtunkhwa,Nowshera
4/24/2020,7,0,0,Local - Social Contact,Khyber Pakhtunkhwa,Mardan
4/24/2020,0,0,2,Local - Social Contact,Khyber Pakhtunkhwa,Swabi
4/24/2020,2,0,0,Local - Social Contact,Khyber Pakhtunkhwa,Swat
4/24/2020,6,0,1,Local - Social Contact,Khyber Pakhtunkhwa,Buner
4/24/2020,4,0,2,Local - Social Contact,Khyber Pakhtunkhwa,Dir Lower
4/24/2020,1,0,0,Local - Social Contact,Khyber Pakhtunkhwa,Dir Upper
4/24/2020,7,0,0,Local - Social Contact,Khyber Pakhtunkhwa,Shangla
4/24/2020,0,0,0,Local - Social Contact,Khyber Pakhtunkhwa,Malakand
4/24/2020,1,0,0,Local - Social Contact,Khyber Pakhtunkhwa,Chitral Lower
4/24/2020,0,0,0,Local - Social Contact,Khyber Pakhtunkhwa,Chitral Upper
4/24/2020,0,0,0,Local - Social Contact,Khyber Pakhtunkhwa,Bajaur
4/24/2020,6,0,2,Local - Social Contact,Khyber Pakhtunkhwa,Mansehra
4/24/2020,3,0,0,Local - Social Contact,Khyber Pakhtunkhwa,Abbottabad
4/24/2020,84,3,20,,Punjab,Lahore
4/25/2020,217,3,20,Local - Social Contact,Sindh,Karachi
4/25/2020,13,0,0,Local - Social Contact,Sindh,Hyderabad
4/25/2020,1,0,0,Local - Social Contact,Sindh,Badin
4/25/2020,2,0,0,Local - Social Contact,Sindh,Shaheed Bezirabad
4/25/2020,6,0,0,Local - Social Contact,Sindh,Sanghar
4/25/2020,1,0,0,Local - Social Contact,Sindh,Tando M. Khan
4/25/2020,1,0,0,Local - Social Contact,Sindh,Tando Alahyar
4/25/2020,2,0,0,Local - Social Contact,Sindh,Ghotki
4/25/2020,12,0,0,Local - Social Contact,Sindh,Sukkur
4/25/2020,17,0,0,Local - Social Contact,Sindh,Larka
4/25/2020,2,0,0,Local - Social Contact,Sindh,Kambar Shahdadkot
4/25/2020,2,0,0,Local - Social Contact,Sindh,Mirpurkhas
4/25/2020,11,0,0,Local - Social Contact,Sindh,Shikarpur
4/25/2020,9,0,0,Local - Social Contact,Islamabad Capital Territory,Islamabad
4/25/2020,1,0,0,Local - Social Contact,Gilgit-Baltistan,Gilgit
4/25/2020,65,2,0,,Baluchistan,Quetta
4/25/2020,41,4,7,Local - Social Contact,Khyber Pakhtunkhwa,Peshawar
4/25/2020,1,0,0,Local - Social Contact,Khyber Pakhtunkhwa,Charsadda
4/25/2020,2,0,0,Local - Social Contact,Khyber Pakhtunkhwa,Nowshera
4/25/2020,3,0,0,Local - Social Contact,Khyber Pakhtunkhwa,Mardan
4/25/2020,15,0,0,Local - Social Contact,Khyber Pakhtunkhwa,Swat
4/25/2020,8,0,0,Local - Social Contact,Khyber Pakhtunkhwa,Malakand
4/25/2020,2,0,0,Local - Social Contact,Khyber Pakhtunkhwa,Chitral Lower
4/25/2020,1,0,0,Local - Social Contact,Khyber Pakhtunkhwa,Chitral Upper
4/25/2020,3,0,0,Local - Social Contact,Khyber Pakhtunkhwa,Haripur
4/25/2020,6,0,0,Local - Social Contact,Khyber Pakhtunkhwa,Battagram
4/25/2020,1,0,1,Local - Social Contact,Khyber Pakhtunkhwa,Bannu
4/25/2020,0,0,1,Local - Social Contact,Khyber Pakhtunkhwa,Buner
4/25/2020,0,0,1,Local - Social Contact,Khyber Pakhtunkhwa,Dir Lower
4/25/2020,0,0,1,Local - Social Contact,Khyber Pakhtunkhwa,Mansehra
4/25/2020,0,0,1,Local - Social Contact,Khyber Pakhtunkhwa,Kohat
4/25/2020,0,0,1,Local - Social Contact,Khyber Pakhtunkhwa,Hangu
4/25/2020,2,0,0,Afghanistan,Khyber Pakhtunkhwa,Peshawar
4/25/2020,475,5,0,,Punjab,Lahore
4/26/2020,12,0,0,Local - Social Contact,Islamabad Capital Territory,Islamabad
4/26/2020,340,3,48,Local - Social Contact,Sindh,Karachi
4/26/2020,7,0,0,Local - Social Contact,Sindh,Hyderabad
4/26/2020,1,0,8,Local - Social Contact,Sindh,Jamshoro
4/26/2020,2,0,0,Local - Social Contact,Sindh,Badin
4/26/2020,4,0,0,Local - Social Contact,Sindh,ushero Feroz
4/26/2020,2,0,0,Local - Social Contact,Sindh,Thatta
4/26/2020,1,0,0,Local - Social Contact,Sindh,Sanghar
4/26/2020,2,0,6,Local - Social Contact,Sindh,Tando Alahyar
4/26/2020,17,0,0,Local - Social Contact,Sindh,Sukkur
4/26/2020,2,0,0,Local - Social Contact,Sindh,Khairpur
4/26/2020,1,0,0,Local - Social Contact,Sindh,Larka
4/26/2020,1,0,0,Local - Social Contact,Sindh,Dadu
4/26/2020,2,0,0,Local - Social Contact,Sindh,Matiari
4/26/2020,1,0,0,Local - Social Contact,Sindh,Mirpurkhas
4/26/2020,120,3,0,,Punjab,Lahore
4/26/2020,71,5,0,,Khyber Pakhtunkhwa,Peshawar
4/26/2020,60,1,0,,Baluchistan,Quetta
4/26/2020,10,0,0,Local - Social Contact,Gilgit-Baltistan,Gilgit
4/26/2020,4,0,0,Local - Social Contact,Azad Jummu Kashmir,Muzaffarabad
4/27/2020,10,0,0,Local - Social Contact,Islamabad Capital Territory,Islamabad
4/27/2020,275,4,17,Local - Social Contact,Sindh,Karachi
4/27/2020,12,0,0,Local - Social Contact,Sindh,Hyderabad
4/27/2020,0,0,3,Local - Social Contact,Sindh,Jamshoro
4/27/2020,0,0,1,Local - Social Contact,Sindh,Badin
4/27/2020,0,0,6,Local - Social Contact,Sindh,Shaheed Bezirabad
4/27/2020,0,0,1,Local - Social Contact,Sindh,ushero Feroz
4/27/2020,0,0,1,Local - Social Contact,Sindh,Sujawal
4/27/2020,1,0,3,Local - Social Contact,Sindh,Thatta
4/27/2020,0,0,2,Local - Social Contact,Sindh,Sanghar
4/27/2020,0,0,2,Local - Social Contact,Sindh,Tando M. Khan
4/27/2020,8,0,2,Local - Social Contact,Sindh,Ghotki
4/27/2020,4,0,0,Local - Social Contact,Sindh,Sukkur
4/27/2020,23,0,2,Local - Social Contact,Sindh,Khairpur
4/27/2020,12,0,2,Local - Social Contact,Sindh,Larka
4/27/2020,3,0,10,Local - Social Contact,Sindh,Dadu
4/27/2020,0,0,1,Local - Social Contact,Sindh,Umerkot
4/27/2020,2,0,0,Local - Social Contact,Sindh,Matiari
4/27/2020,1,0,0,Local - Social Contact,Sindh,Jacobabad
4/27/2020,72,3,9,,Baluchistan,Quetta
4/27/2020,3,0,1,Local - Social Contact,Khyber Pakhtunkhwa,Nowshera
4/27/2020,51,4,0,Local - Social Contact,Khyber Pakhtunkhwa,Peshawar
4/27/2020,6,1,0,Local - Social Contact,Khyber Pakhtunkhwa,Malakand
4/27/2020,2,1,0,Local - Social Contact,Khyber Pakhtunkhwa,Bajaur
4/27/2020,1,0,0,Local - Social Contact,Khyber Pakhtunkhwa,Charsadda
4/27/2020,4,0,0,Local - Social Contact,Khyber Pakhtunkhwa,Mardan
4/27/2020,3,0,0,Local - Social Contact,Khyber Pakhtunkhwa,Swat
4/27/2020,8,0,0,Local - Social Contact,Khyber Pakhtunkhwa,Buner
4/27/2020,7,0,0,Local - Social Contact,Khyber Pakhtunkhwa,Dir Lower
4/27/2020,5,0,0,Local - Social Contact,Khyber Pakhtunkhwa,Dir Upper
4/27/2020,5,0,0,Local - Social Contact,Khyber Pakhtunkhwa,Chitral Lower
4/27/2020,2,0,0,Local - Social Contact,Khyber Pakhtunkhwa,Chitral Upper
4/27/2020,9,0,0,Local - Social Contact,Khyber Pakhtunkhwa,Mansehra
4/27/2020,7,0,0,Local - Social Contact,Khyber Pakhtunkhwa,Battagram
4/27/2020,2,0,0,Local - Social Contact,Khyber Pakhtunkhwa,Kurram
4/27/2020,5,0,0,Local - Social Contact,Khyber Pakhtunkhwa,Bannu
4/27/2020,194,10,0,Local - Social Contact,Punjab,Lahore
4/27/2020,2,0,0,Local - Social Contact,Gilgit-Baltistan,Gilgit
4/28/2020,16,0,0,Local - Social Contact,Islamabad Capital Territory,ISlamabad
4/28/2020,187,5,0,Local - Social Contact,Punjab,Lahore
4/28/2020,335,0,0,Local - Social Contact,Sindh,Karachi
4/28/2020,10,0,0,Local - Social Contact,Gilgit-Baltistan,Gilgit
4/28/2020,176,0,0,Local - Social Contact,Khyber Pakhtunkhwa,Peshawar
4/28/2020,6,0,0,Local - Social Contact,Azad Jummu Kashmir,Muzaffarabad
4/29/2020,36,0,0,Local - Social Contact,Islamabad Capital Territory,Islamabad
4/29/2020,234,3,0,Local - Social Contact,Punjab,Lahore
4/29/2020,337,8,208,Local - Social Contact,Sindh,Karachi
4/29/2020,9,0,0,Local - Social Contact,Sindh,Hyderabad
4/29/2020,7,0,0,Local - Social Contact,Sindh,Shaheed Bezirabad
4/29/2020,14,0,0,Local - Social Contact,Sindh,Sukkur
4/29/2020,13,0,0,Local - Social Contact,Sindh,Khairpur
4/29/2020,13,0,0,Local - Social Contact,Sindh,Larka
4/29/2020,1,0,0,Local - Social Contact,Sindh,Dadu
4/29/2020,7,0,0,Local - Social Contact,Sindh,Shikarpur
4/29/2020,121,0,0,Local - Social Contact,Baluchistan,Quetta
4/29/2020,3,0,0,Local - Social Contact,Gilgit-Baltistan,Gilgit
4/29/2020,153,8,0,Local - Social Contact,Khyber Pakhtunkhwa,Peshawar
4/30/2020,16,0,0,Local - Social Contact,Islamabad Capital Territory,Islamabad
4/30/2020,279,3,0,Local - Social Contact,Punjab,Lahore
4/30/2020,229,12,0,Local - Social Contact,Sindh,Karachi
4/30/2020,5,0,0,Local - Social Contact,Sindh,Hyderabad
4/30/2020,1,0,0,Local - Social Contact,Sindh,Jamshoro
4/30/2020,1,0,0,Local - Social Contact,Sindh,Thatta
4/30/2020,1,0,0,Local - Social Contact,Sindh,ushero Feroz
4/30/2020,4,0,0,Local - Social Contact,Sindh,Sanghar
4/30/2020,3,0,0,Local - Social Contact,Sindh,Sukkur
4/30/2020,6,0,0,Local - Social Contact,Sindh,Dadu
4/30/2020,1,0,0,Local - Social Contact,Sindh,Matiari
4/30/2020,1,0,0,Local - Social Contact,Sindh,Mirpurkhas
4/30/2020,34,0,0,Local - Social Contact,Sindh,Shikarpur
4/30/2020,2,0,0,Local - Social Contact,Sindh,Jacobabad
4/30/2020,75,0,0,Local - Social Contact,Baluchistan,Quetta
4/30/2020,6,0,0,Local - Social Contact,Gilgit-Baltistan,Gilgit
4/30/2020,1,0,0,Local - Social Contact,Azad Jummu Kashmir,Muzaffarabad
05/01/2020,30,0,0,Local - Social Contact,islamabad Capital Territory,islamabad
05/01/2020,446,6,73,Local - Social Contact,Sindh,Karachi
05/01/2020,176,0,0,Local - Social Contact,Sindh,Karachi
05/01/2020,86,2,0,Local - Social Contact,Baluchistan,Quetta
05/01/2020,1,0,0,Local - Social Contact,Baluchistan,Pishin
05/01/2020,1,0,5,Local - Social Contact,Gilgit-Baltistan,Gilgit
05/01/2020,0,0,1,Local - Social Contact,Gilgit-Baltistan,Gilgit
05/01/2020,0,0,1,Local - Social Contact,Gilgit-Baltistan,Gilgit
05/01/2020,248,15,40,Local - Social Contact,Khyber Pakhtunkhwa,Peshawar
05/01/2020,3,0,0,Local - Social Contact,Khyber Pakhtunkhwa,Charsadda
05/01/2020,5,0,0,Local - Social Contact,Khyber Pakhtunkhwa,Nowshera
05/01/2020,0,0,0,Local - Social Contact,Khyber Pakhtunkhwa,Khyber
05/01/2020,0,0,0,Local - Social Contact,Khyber Pakhtunkhwa,Mohamand
05/01/2020,1,0,0,Local - Social Contact,Khyber Pakhtunkhwa,Mardan
05/01/2020,2,0,0,Local - Social Contact,Khyber Pakhtunkhwa,Swabi
05/01/2020,17,0,0,Local - Social Contact,Khyber Pakhtunkhwa,Swat
05/01/2020,1,0,0,Local - Social Contact,Khyber Pakhtunkhwa,Buner
05/01/2020,6,0,0,Local - Social Contact,Khyber Pakhtunkhwa,Dir Lower
05/01/2020,0,0,0,Local - Social Contact,Khyber Pakhtunkhwa,Dir Upper
05/01/2020,3,0,0,Local - Social Contact,Khyber Pakhtunkhwa,Shangla
05/01/2020,16,0,0,Local - Social Contact,Khyber Pakhtunkhwa,Malakand
05/01/2020,2,0,0,Local - Social Contact,Khyber Pakhtunkhwa,Chitral Lower
05/01/2020,0,0,0,Local - Social Contact,Khyber Pakhtunkhwa,Chitral
05/01/2020,0,0,0,Local - Social Contact,Khyber Pakhtunkhwa,Bajaur
05/01/2020,1,0,0,Local - Social Contact,Khyber Pakhtunkhwa,Mansehra
05/01/2020,2,0,0,Local - Social Contact,Khyber Pakhtunkhwa,Abbottabad
05/01/2020,0,0,0,Local - Social Contact,Khyber Pakhtunkhwa,Haripur
05/01/2020,0,0,0,Local - Social Contact,Khyber Pakhtunkhwa,Tor Ghar
05/01/2020,0,0,0,Local - Social Contact,Khyber Pakhtunkhwa,Kohistan Upper
05/01/2020,0,0,0,Local - Social Contact,Khyber Pakhtunkhwa,Kohistan Lower
05/01/2020,0,0,0,Local - Social Contact,Khyber Pakhtunkhwa,Kolai Pallas
05/01/2020,1,0,0,Local - Social Contact,Khyber Pakhtunkhwa,Battagram
05/01/2020,1,0,0,Local - Social Contact,Khyber Pakhtunkhwa,Kohat
05/01/2020,0,0,0,Local - Social Contact,Khyber Pakhtunkhwa,Hangu
05/01/2020,4,0,0,Local - Social Contact,Khyber Pakhtunkhwa,Karak
05/01/2020,3,0,0,Local - Social Contact,Khyber Pakhtunkhwa,Kurram
05/01/2020,0,0,0,Local - Social Contact,Khyber Pakhtunkhwa,Orakzai
05/01/2020,14,0,0,Local - Social Contact,Khyber Pakhtunkhwa,Bannu
05/01/2020,0,0,0,Local - Social Contact,Khyber Pakhtunkhwa,Lakki Marwat
05/01/2020,0,0,0,Local - Social Contact,Khyber Pakhtunkhwa,North Waziristan
05/01/2020,0,0,0,Local - Social Contact,Khyber Pakhtunkhwa,Dera Ismail Khan
05/01/2020,0,0,0,Local - Social Contact,Khyber Pakhtunkhwa,Tank
05/01/2020,0,0,0,Local - Social Contact,Khyber Pakhtunkhwa,South Waziristan
05/02/2020,22,0,0,Local - Social Contact,islamabad Capital Territory,islamabad
05/02/2020,16,0,5,Local - Social Contact,Gilgit-Baltistan,Gilgit
05/02/2020,57,9,38,Local - Social Contact,Khyber Pakhtunkhwa,Peshawar
05/02/2020,1,0,0,Local - Social Contact,Khyber Pakhtunkhwa,Charsadda
05/02/2020,1,1,0,Local - Social Contact,Khyber Pakhtunkhwa,Nowshera
05/02/2020,0,0,0,Local - Social Contact,Khyber Pakhtunkhwa,Khyber
05/02/2020,0,0,0,Local - Social Contact,Khyber Pakhtunkhwa,Mohmand
05/02/2020,0,0,0,Local - Social Contact,Khyber Pakhtunkhwa,Mardan
05/02/2020,6,0,0,Local - Social Contact,Khyber Pakhtunkhwa,Swabi
05/02/2020,3,1,0,Local - Social Contact,Khyber Pakhtunkhwa,Swat
05/02/2020,0,0,0,Local - Social Contact,Khyber Pakhtunkhwa,Buner
05/02/2020,8,0,0,Local - Social Contact,Khyber Pakhtunkhwa,Dir Lower
05/02/2020,0,0,0,Local - Social Contact,Khyber Pakhtunkhwa,Dir Upper
05/02/2020,0,0,0,Local - Social Contact,Khyber Pakhtunkhwa,Shangla
05/02/2020,14,0,0,Local - Social Contact,Khyber Pakhtunkhwa,Malakand
05/02/2020,2,0,0,Local - Social Contact,Khyber Pakhtunkhwa,Chitral Lower
05/02/2020,1,0,0,Local - Social Contact,Khyber Pakhtunkhwa,Chitral Upper
05/02/2020,1,0,0,Local - Social Contact,Khyber Pakhtunkhwa,Bajaur
05/02/2020,0,0,0,Local - Social Contact,Khyber Pakhtunkhwa,Mansehra
05/02/2020,7,0,0,Local - Social Contact,Khyber Pakhtunkhwa,Abbottabad
05/02/2020,0,0,0,Local - Social Contact,Khyber Pakhtunkhwa,Haripur
05/02/2020,0,0,0,Local - Social Contact,Khyber Pakhtunkhwa,Tor  Ghar
05/02/2020,0,0,0,Local - Social Contact,Khyber Pakhtunkhwa,Kohistan Upper
05/02/2020,0,0,0,Local - Social Contact,Khyber Pakhtunkhwa,Kohistan Lower
05/02/2020,0,0,0,Local - Social Contact,Khyber Pakhtunkhwa,Kolai Pallas
05/02/2020,0,0,0,Local - Social Contact,Khyber Pakhtunkhwa,Battagram
05/02/2020,0,0,0,Local - Social Contact,Khyber Pakhtunkhwa,Kohat
05/02/2020,0,0,0,Local - Social Contact,Khyber Pakhtunkhwa,Hangu
05/02/2020,2,0,0,Local - Social Contact,Khyber Pakhtunkhwa,Karak
05/02/2020,1,0,0,Local - Social Contact,Khyber Pakhtunkhwa,Kurram
05/02/2020,1,0,0,Local - Social Contact,Khyber Pakhtunkhwa,Orakzai
05/02/2020,1,0,0,Local - Social Contact,Khyber Pakhtunkhwa,Bannu
05/02/2020,0,0,0,Local - Social Contact,Khyber Pakhtunkhwa,Lakki Marwat
05/02/2020,0,0,0,Local - Social Contact,Khyber Pakhtunkhwa,North Waziristan
05/02/2020,2,0,0,Local - Social Contact,Khyber Pakhtunkhwa,Dira Ismail Khan
05/02/2020,0,0,0,Local - Social Contact,Khyber Pakhtunkhwa,Tank
05/02/2020,0,0,0,Local - Social Contact,Khyber Pakhtunkhwa,South Waziristan
05/02/2020,35,0,0,Local - Social Contact,Baluchistan,Quetta
05/02/2020,1,0,0,Local - Social Contact,Baluchistan,Ziarat
05/02/2020,427,4,0,Local - Social Contact,Sindh,Karachi
05/02/2020,514,9,0,Local - Social Contact,Punjab,Lahore
05/03/2020,28,0,0,Local - Social Contact,islamabad Capital Territory,Islamabad
05/03/2020,670,9,0,Local - Social Contact,Punjab,Lahore
05/03/2020,44,5,0,Local - Social Contact,Baluchistan,Quetta
05/03/2020,2,0,0,Local - Social Contact,Baluchistan,Pishin
05/03/2020,8,0,0,Local - Social Contact,Gilgit-Baltistan,Gilgit
05/03/2020,222,8,0,Local - Social Contact,Khyber Pakhtunkhwa,Peshawar
05/03/2020,5,0,0,Local - Social Contact,Azad Jummu Kashmir,Mirpur
05/03/2020,363,8,0,Local - Social Contact,Sindh,Karachi
05/04/2020,22,0,0,Local - Social Contact,islamabad Capital Territory,Islamabad
05/04/2020,122,12,0,Local - Social Contact,Punjab,Lahore
05/04/2020,638,7,0,Local - Social Contact,Sindh,Karachi
05/04/2020,103,0,0,Local - Social Contact,Baluchistan,Quetta
05/04/2020,8,0,0,Local - Social Contact,Gilgit-Baltistan,Gilgit
05/04/2020,72,3,0,Local - Social Contact,Khyber Pakhtunkhwa,Peshawar
05/04/2020,0,0,0,Local - Social Contact,Khyber Pakhtunkhwa,Charsadda
05/04/2020,2,0,0,Local - Social Contact,Khyber Pakhtunkhwa,Nowshera
05/04/2020,12,0,0,Local - Social Contact,Khyber Pakhtunkhwa,Khyber
05/04/2020,0,0,0,Local - Social Contact,Khyber Pakhtunkhwa,Mohmand
05/04/2020,9,0,0,Local - Social Contact,Khyber Pakhtunkhwa,Mardan
05/04/2020,2,1,0,Local - Social Contact,Khyber Pakhtunkhwa,Swabi
05/04/2020,3,0,0,Local - Social Contact,Khyber Pakhtunkhwa,Swat
05/04/2020,0,0,0,Local - Social Contact,Khyber Pakhtunkhwa,Buner
05/04/2020,2,0,0,Local - Social Contact,Khyber Pakhtunkhwa,Dir Lower
05/04/2020,0,0,0,Local - Social Contact,Khyber Pakhtunkhwa,Dir Upper
05/04/2020,1,0,0,Local - Social Contact,Khyber Pakhtunkhwa,Shangla
05/04/2020,26,0,0,Local - Social Contact,Khyber Pakhtunkhwa,Malakand
05/04/2020,1,0,0,Local - Social Contact,Khyber Pakhtunkhwa,Chitral Lower
05/04/2020,0,0,0,Local - Social Contact,Khyber Pakhtunkhwa,Chitral Upper
05/04/2020,3,0,0,Local - Social Contact,Khyber Pakhtunkhwa,Bajaur
05/04/2020,0,0,0,Local - Social Contact,Khyber Pakhtunkhwa,Mansehra
05/04/2020,0,0,0,Local - Social Contact,Khyber Pakhtunkhwa,Abbottabad
05/04/2020,0,0,0,Local - Social Contact,Khyber Pakhtunkhwa,Haripur
05/04/2020,0,0,0,Local - Social Contact,Khyber Pakhtunkhwa,Tor Ghar
05/04/2020,0,0,0,Local - Social Contact,Khyber Pakhtunkhwa,Kohistan Upper
05/04/2020,0,0,0,Local - Social Contact,Khyber Pakhtunkhwa,Kohistan Lower
05/04/2020,0,0,0,Local - Social Contact,Khyber Pakhtunkhwa,Kolai Pallas
05/04/2020,4,0,0,Local - Social Contact,Khyber Pakhtunkhwa,Battagram
05/04/2020,4,0,0,Local - Social Contact,Khyber Pakhtunkhwa,Kohat
05/04/2020,0,0,0,Local - Social Contact,Khyber Pakhtunkhwa,Hangu
05/04/2020,1,0,0,Local - Social Contact,Khyber Pakhtunkhwa,Karak
05/04/2020,1,0,0,Local - Social Contact,Khyber Pakhtunkhwa,Kurram
05/04/2020,0,0,0,Local - Social Contact,Khyber Pakhtunkhwa,Orakzai
05/04/2020,12,1,0,Local - Social Contact,Khyber Pakhtunkhwa,Bannu
05/04/2020,0,0,0,Local - Social Contact,Khyber Pakhtunkhwa,Lakki Marwat
05/04/2020,0,0,0,Local - Social Contact,Khyber Pakhtunkhwa,North Waziristan
05/04/2020,3,0,0,Local - Social Contact,Khyber Pakhtunkhwa,Dira Ismail Khan
05/04/2020,1,0,0,Local - Social Contact,Khyber Pakhtunkhwa,Tank
05/04/2020,0,0,0,Local - Social Contact,Khyber Pakhtunkhwa,South Waziristan
05/05/2020,49,0,0,Local - Social Contact,islamabad Capital Territory,Islamabad
05/05/2020,487,8,0,Local - Social Contact,Punjab,Lahore
05/05/2020,86,11,42,Local - Social Contact,Sindh,Karachi
05/05/2020,174,0,0,Local - Social Contact,Baluchistan,Quetta
05/05/2020,14,0,3,Local - Social Contact,Gilgit-Baltistan,Gilgit
05/05/2020,211,9,0,Local - Social Contact,Khyber Pakhtunkhwa,Peshawar
05/05/2020,0,0,0,Local - Social Contact,Azad Jummu Kashmir,Muzaffarabad
05/06/2020,21,0,0,Local - Social Contact,islamabad Capital Territory,Islamabad
05/06/2020,944,31,0,Local - Social Contact,Punjab,Lahore
05/06/2020,451,9,60,Local - Social Contact,Sindh,Karachi
05/06/2020,168,0,0,Local - Social Contact,Baluchistan,Quetta
05/06/2020,2,0,6,Local - Social Contact,Gilgit-Baltistan,Gilgit
05/06/2020,213,9,64,Local - Social Contact,Khyber Pakhtunkhwa,Peshawar
05/06/2020,5,0,0,Local - Social Contact,Azad Jummu Kashmir,Muzaffarabad
05/07/2020,36,0,0,Local - Social Contact,islamabad Capital Territory,Islamabad
05/07/2020,118,7,0,Local - Social Contact,Punjab,Lahore
05/07/2020,453,14,9,Local - Social Contact,Sindh,Karachi
05/07/2020,0,1,0,Local - Social Contact,Baluchistan,Quetta
05/07/2020,6,0,5,Local - Social Contact,Gilgit-Baltistan,Gilgit
05/07/2020,244,6,45,Local - Social Contact,Khyber Pakhtunkhwa,Peshawar
05/08/2020,37,0,0,Local - Social Contact,islamabad Capital Territory,Islamabad
05/08/2020,838,12,0,Local - Social Contact,Punjab,Lahore
05/08/2020,598,5,0,Local - Social Contact,Sindh,Karachi
05/08/2020,62,2,13,Local - Social Contact,Baluchistan,Quetta
05/08/2020,371,12,53,Local - Social Contact,Khyber Pakhtunkhwa,Peshawar
05/08/2020,2,0,0,Local - Social Contact,Azad Jummu Kashmir,Muzaffarabad
05/09/2020,51,0,0,Local - Social Contact,islamabad Capital Territory,Islamabad
05/09/2020,1060,0,0,Local - Social Contact,Punjab,Lahore
05/09/2020,1080,5,0,Local - Social Contact,Sindh,Karachi
05/09/2020,151,0,13,Local - Social Contact,Baluchistan,Quetta
05/09/2020,36,1,5,Local - Social Contact,Gilgit-Baltistan,Gilgit
05/09/2020,182,13,53,Local - Social Contact,Khyber Pakhtunkhwa,Peshawar
05/09/2020,1,0,0,Local - Social Contact,Azad Jummu Kashmir,Muzaffarabad
05/10/2020,32,1,0,Local - Social Contact,islamabad Capital Territory,Islamabad
05/10/2020,0,0,0,Local - Social Contact,Punjab,Lahore
05/10/2020,709,8,29,Local - Social Contact,Sindh,Karachi
05/10/2020,59,0,0,Local - Social Contact,Baluchistan,Quetta
05/10/2020,12,0,1,Local - Social Contact,Gilgit-Baltistan,Gilgit
05/10/2020,160,11,40,Local - Social Contact,Khyber Pakhtunkhwa,Peshawar
05/10/2020,7,0,0,Local - Social Contact,Azad Jummu Kashmir,Muzaffarabad
